{
  "model": {
    "type": "minecraft:select",
    "property": "minecraft:component",
    "component": "minecraft:custom_name",
    "cases": [
      {
        "when": "Ravenous Blade",
        "model": {
          "type": "minecraft:model",
          "model": "minecraft:item/ravenous_blade"
        }
      },
      {
        "when": "Nocturne",
        "model": {
          "type": "minecraft:model",
          "model": "minecraft:item/nocturne"
        }
      },
      {
        "when": "Phantomguard Greatsword",
        "model": {
          "type": "minecraft:model",
          "model": "minecraft:item/phantomguard_greatsword"
        }
      },
      {
        "when": "Heavenly Partisan",
        "model": {
          "type": "minecraft:model",
          "model": "minecraft:item/heavenly_partisan"
        }
      },
      {
        "when": "Black Iron Greataxe",
        "model": {
          "type": "minecraft:model",
          "model": "minecraft:item/black_iron_greataxe"
        }
      },
      {
        "when": "Amethyst Greatblade",
        "model": {
          "type": "minecraft:model",
          "model": "minecraft:item/amethyst_greatblade"
        }
      },
      {
        "when": "Valhakyra",
        "model": {
          "type": "minecraft:model",
          "model": "minecraft:item/valhakyra"
        }
      },
      {
        "when": "Black Iron Greatsword",
        "model": {
          "type": "minecraft:model",
          "model": "minecraft:item/black_iron_greatsword"
        }
      },
      {
        "when": "Phantomguard Partisan",
        "model": {
          "type": "minecraft:model",
          "model": "minecraft:item/phantomguard_partisan"
        }
      },
      {
        "when": "Viridian Greataxe",
        "model": {
          "type": "minecraft:model",
          "model": "minecraft:item/viridian_greataxe"
        }
      },
      {
        "when": "Talonbrand",
        "model": {
          "type": "minecraft:model",
          "model": "minecraft:item/talonbrand"
        }
      },
      {
        "when": "Crescent Greataxe",
        "model": {
          "type": "minecraft:model",
          "model": "minecraft:item/crescent_greataxe"
        }
      },
      {
        "when": "Berserker's Greataxe",
        "model": {
          "type": "minecraft:model",
          "model": "minecraft:item/berserkers_greataxe"
        }
      },
      {
        "when": "Berserker's Cleaver",
        "model": {
          "type": "minecraft:model",
          "model": "minecraft:item/berserkers_cleaver"
        }
      },
      {
        "when": "Revenant's Gravescepter",
        "model": {
          "type": "minecraft:model",
          "model": "minecraft:item/revenants_gravescepter"
        }
      },
      {
        "when": "Windreaper",
        "model": {
          "type": "minecraft:model",
          "model": "minecraft:item/windreaper"
        }
      },
      {
        "when": "Crystal Frostscythe",
        "model": {
          "type": "minecraft:model",
          "model": "minecraft:item/crystal_frostscythe"
        }
      },
      {
        "when": "Black Iron Clobberer",
        "model": {
          "type": "minecraft:model",
          "model": "minecraft:item/black_iron_clobberer"
        }
      },
      {
        "when": "Revenant's Gravecleaver",
        "model": {
          "type": "minecraft:model",
          "model": "minecraft:item/revenants_gravecleaver"
        }
      },
      {
        "when": "Zenith",
        "model": {
          "type": "minecraft:model",
          "model": "minecraft:item/zenith"
        }
      },
      {
        "when": "Crystal Frostblade",
        "model": {
          "type": "minecraft:model",
          "model": "minecraft:item/crystal_frostblade"
        }
      },
      {
        "when": "Lycanbane",
        "model": {
          "type": "minecraft:model",
          "model": "minecraft:item/lycanbane"
        }
      },
      {
        "when": "Grand Claymore",
        "model": {
          "type": "minecraft:model",
          "model": "minecraft:item/grand_claymore"
        }
      },
      {
        "when": "Solstice",
        "model": {
          "type": "minecraft:model",
          "model": "minecraft:item/solstice"
        }
      },
      {
        "when": "Gloomsteel Greataxe",
        "model": {
          "type": "minecraft:model",
          "model": "minecraft:item/gloomsteel_greataxe"
        }
      },
      {
        "when": "Gloomsteel Katana",
        "model": {
          "type": "minecraft:model",
          "model": "minecraft:item/gloomsteel_katana"
        }
      },
      {
        "when": "Gloomsteel Knife",
        "model": {
          "type": "minecraft:model",
          "model": "minecraft:item/gloomsteel_knife"
        }
      },
      {
        "when": "Vesper",
        "model": {
          "type": "minecraft:model",
          "model": "minecraft:item/vesper"
        }
      },
      {
        "when": "Calamity Blade",
        "model": {
          "type": "minecraft:model",
          "model": "minecraft:item/calamity_blade"
        }
      },
      {
        "when": "Emerald Greatcleaver",
        "model": {
          "type": "minecraft:model",
          "model": "minecraft:item/emerald_greatcleaver"
        }
      },
      {
        "when": "Ancient Greatslab",
        "model": {
          "type": "minecraft:model",
          "model": "minecraft:item/ancient_greatslab"
        }
      },
      {
        "when": "Demon's Blood Blade",
        "model": {
          "type": "minecraft:model",
          "model": "minecraft:item/demons_blood_blade"
        }
      },
      {
        "when": "Demonslayer's Greatsword",
        "model": {
          "type": "minecraft:model",
          "model": "minecraft:item/demonslayers_greatsword"
        }
      },
      {
        "when": "Sacrificial Cleaver",
        "model": {
          "type": "minecraft:model",
          "model": "minecraft:item/sacrificial_cleaver"
        }
      },
      {
        "when": "Moonlight",
        "model": {
          "type": "minecraft:model",
          "model": "minecraft:item/moonlight"
        }
      },
      {
        "when": "Oculus",
        "model": {
          "type": "minecraft:model",
          "model": "minecraft:item/oculus"
        }
      },
      {
        "when": "Azure Greatsword",
        "model": {
          "type": "minecraft:model",
          "model": "minecraft:item/azure_greatsword"
        }
      },
      {
        "when": "Azure Dagger",
        "model": {
          "type": "minecraft:model",
          "model": "minecraft:item/azure_dagger"
        }
      },
      {
        "when": "Azure Sabre",
        "model": {
          "type": "minecraft:model",
          "model": "minecraft:item/azure_sabre"
        }
      },
      {
        "when": "Azure Greataxe",
        "model": {
          "type": "minecraft:model",
          "model": "minecraft:item/azure_greataxe"
        }
      },
      {
        "when": "Azure Scythe",
        "model": {
          "type": "minecraft:model",
          "model": "minecraft:item/azure_scythe"
        }
      },
      {
        "when": "Crimson Cleaver",
        "model": {
          "type": "minecraft:model",
          "model": "minecraft:item/crimson_cleaver"
        }
      },
      {
        "when": "Dragon Sword",
        "model": {
          "type": "minecraft:model",
          "model": "minecraft:item/dragon_sword"
        }
      },
      {
        "when": "Spider Sword",
        "model": {
          "type": "minecraft:model",
          "model": "minecraft:item/spider_sword"
        }
      },
      {
        "when": "Skeleton Axe",
        "model": {
          "type": "minecraft:model",
          "model": "minecraft:item/skeleton_axe"
        }
      },
      {
        "when": "Piercer",
        "model": {
          "type": "minecraft:model",
          "model": "minecraft:item/piercer"
        }
      },
      {
        "when": "Runic Piercer",
        "model": {
          "type": "minecraft:model",
          "model": "minecraft:item/runic_piercer"
        }
      },
      {
        "when": "Demonic Sword",
        "model": {
          "type": "minecraft:model",
          "model": "minecraft:item/demonic_sword"
        }
      },
      {
        "when": "Nature Sword",
        "model": {
          "type": "minecraft:model",
          "model": "minecraft:item/nature_sword"
        }
      },
      {
        "when": "Vengeance Blade",
        "model": {
          "type": "minecraft:model",
          "model": "minecraft:item/vengeance_blade"
        }
      },
      {
        "when": "Vindicator",
        "model": {
          "type": "minecraft:model",
          "model": "minecraft:item/vindicator"
        }
      },
      {
        "when": "Treacherous Bludgeon",
        "model": {
          "type": "minecraft:model",
          "model": "minecraft:item/treacherous_bludgeon"
        }
      },
      {
        "when": "Treacherous Cleaver",
        "model": {
          "type": "minecraft:model",
          "model": "minecraft:item/treacherous_cleaver"
        }
      },
      {
        "when": "Treacherous Axe",
        "model": {
          "type": "minecraft:model",
          "model": "minecraft:item/treacherous_axe"
        }
      },
      {
        "when": "Wooden Bludgeon",
        "model": {
          "type": "minecraft:model",
          "model": "minecraft:item/wooden_bludgeon"
        }
      },
      {
        "when": "Iron Mace",
        "model": {
          "type": "minecraft:model",
          "model": "minecraft:item/iron_mace"
        }
      },
      {
        "when": "Wooden Tonfa",
        "model": {
          "type": "minecraft:model",
          "model": "minecraft:item/wooden_tonfa"
        }
      },
      {
        "when": "Iron Sai",
        "model": {
          "type": "minecraft:model",
          "model": "minecraft:item/iron_sai"
        }
      },
      {
        "when": "Iron Dagger",
        "model": {
          "type": "minecraft:model",
          "model": "minecraft:item/iron_dagger"
        }
      },
      {
        "when": "Iron Greataxe",
        "model": {
          "type": "minecraft:model",
          "model": "minecraft:item/iron_greataxe"
        }
      },
      {
        "when": "Iron Polearm",
        "model": {
          "type": "minecraft:model",
          "model": "minecraft:item/iron_polearm"
        }
      },
      {
        "when": "Iron Halberd",
        "model": {
          "type": "minecraft:model",
          "model": "minecraft:item/iron_halberd"
        }
      },
      {
        "when": "Iron Broadsword",
        "model": {
          "type": "minecraft:model",
          "model": "minecraft:item/iron_broadsword"
        }
      },
      {
        "when": "Iron Battle Axe",
        "model": {
          "type": "minecraft:model",
          "model": "minecraft:item/iron_battle_axe"
        }
      },
      {
        "when": "Flamberge",
        "model": {
          "type": "minecraft:model",
          "model": "minecraft:item/flamberge"
        }
      },
      {
        "when": "Claymore",
        "model": {
          "type": "minecraft:model",
          "model": "minecraft:item/claymore"
        }
      },
      {
        "when": "Uchigatana",
        "model": {
          "type": "minecraft:model",
          "model": "minecraft:item/uchigatana"
        }
      },
      {
        "when": "Iron Hay Sickle",
        "model": {
          "type": "minecraft:model",
          "model": "minecraft:item/iron_hay_sickle"
        }
      },
      {
        "when": "Winterthorn",
        "model": {
          "type": "minecraft:model",
          "model": "minecraft:item/winterthorn"
        }
      },
      {
        "when": "Revenant's Darkscepter",
        "model": {
          "type": "minecraft:model",
          "model": "minecraft:item/revenants_darkscepter"
        }
      },
      {
        "when": "Void Oculus",
        "model": {
          "type": "minecraft:model",
          "model": "minecraft:item/void_oculus"
        }
      },
      {
        "when": "Ethereal Frostblade",
        "model": {
          "type": "minecraft:model",
          "model": "minecraft:item/ethereal_frostblade"
        }
      },
      {
        "when": "Gilded Phoenix Greataxe",
        "model": {
          "type": "minecraft:model",
          "model": "minecraft:item/gilded_phoenix_greataxe"
        }
      },
      {
        "when": "",
        "model": {
          "type": "minecraft:model",
          "model": "minecraft:item/"
        }
      }
    ],
    "fallback": {
      "type": "minecraft:model",
      "model": "minecraft:item/netherite_sword"
    }
  }
}