{
	"textures": {
		"0": "item/demons_blood_blade",
		"particle": "item/demons_blood_blade"
	},
	"elements": [
		{
			"name": "demons_blood_0",
			"from": [6.75, 15.25, 7.75],
			"to": [6.875, 15.75, 7.875],
			"faces": {
				"north": {"uv": [3.125, 1, 3.25, 0.5], "rotation": 180, "texture": "#0"},
				"east": {"uv": [3.125, 0.5, 3.25, 1], "texture": "#0"},
				"south": {"uv": [3.125, 0.5, 3.25, 1], "texture": "#0"},
				"west": {"uv": [3.125, 0.5, 3.25, 1], "texture": "#0"},
				"up": {"uv": [3.25, 0.5, 3.125, 0.625], "rotation": 180, "texture": "#0"},
				"down": {"uv": [3.125, 0.875, 3.25, 1], "texture": "#0"}
			}
		},
		{
			"name": "demons_blood_1",
			"from": [6.625, 14.875, 7.75],
			"to": [6.75, 15.375, 7.875],
			"faces": {
				"north": {"uv": [3, 1.375, 3.125, 0.875], "rotation": 180, "texture": "#0"},
				"east": {"uv": [3, 0.875, 3.125, 1.375], "texture": "#0"},
				"south": {"uv": [3, 0.875, 3.125, 1.375], "texture": "#0"},
				"west": {"uv": [3, 0.875, 3.125, 1.375], "texture": "#0"},
				"up": {"uv": [3.125, 0.875, 3, 1], "rotation": 180, "texture": "#0"},
				"down": {"uv": [3, 1.25, 3.125, 1.375], "texture": "#0"}
			}
		},
		{
			"name": "demons_blood_2",
			"from": [6.75, 14.75, 7.6875],
			"to": [6.875, 15.25, 7.9375],
			"faces": {
				"north": {"uv": [4.125, 1.5, 4.25, 1], "rotation": 180, "texture": "#0"},
				"east": {"uv": [4.125, 1, 4.25, 1.5], "texture": "#0"},
				"south": {"uv": [4.125, 1, 4.25, 1.5], "texture": "#0"},
				"west": {"uv": [4.125, 1, 4.25, 1.5], "texture": "#0"},
				"up": {"uv": [4.25, 1, 4.125, 1.125], "rotation": 180, "texture": "#0"},
				"down": {"uv": [4.125, 1.375, 4.25, 1.5], "texture": "#0"}
			}
		},
		{
			"name": "demons_blood_3",
			"from": [6.5, 14.125, 7.75],
			"to": [6.625, 15, 7.875],
			"faces": {
				"north": {"uv": [2.875, 2.125, 3, 1.25], "rotation": 180, "texture": "#0"},
				"east": {"uv": [2.875, 1.25, 3, 2.125], "texture": "#0"},
				"south": {"uv": [2.875, 1.25, 3, 2.125], "texture": "#0"},
				"west": {"uv": [2.875, 1.25, 3, 2.125], "texture": "#0"},
				"up": {"uv": [3, 1.25, 2.875, 1.375], "rotation": 180, "texture": "#0"},
				"down": {"uv": [2.875, 2, 3, 2.125], "texture": "#0"}
			}
		},
		{
			"name": "demons_blood_4",
			"from": [6.625, 14.125, 7.6875],
			"to": [6.75, 14.875, 7.9375],
			"faces": {
				"north": {"uv": [4, 2.125, 4.125, 1.375], "rotation": 180, "texture": "#0"},
				"east": {"uv": [4, 1.375, 4.125, 2.125], "texture": "#0"},
				"south": {"uv": [4, 1.375, 4.125, 2.125], "texture": "#0"},
				"west": {"uv": [4, 1.375, 4.125, 2.125], "texture": "#0"},
				"up": {"uv": [4.125, 1.375, 4, 1.5], "rotation": 180, "texture": "#0"},
				"down": {"uv": [4, 2, 4.125, 2.125], "texture": "#0"}
			}
		},
		{
			"name": "demons_blood_5",
			"from": [6.75, 11.625, 7.625],
			"to": [6.875, 14.75, 8],
			"faces": {
				"north": {"uv": [4.75, 4.625, 4.875, 1.5], "rotation": 180, "texture": "#0"},
				"east": {"uv": [4.75, 1.5, 4.875, 4.625], "texture": "#0"},
				"south": {"uv": [4.75, 1.5, 4.875, 4.625], "texture": "#0"},
				"west": {"uv": [4.75, 1.5, 4.875, 4.625], "texture": "#0"},
				"up": {"uv": [4.875, 1.5, 4.75, 1.625], "rotation": 180, "texture": "#0"},
				"down": {"uv": [4.75, 4.5, 4.875, 4.625], "texture": "#0"}
			}
		},
		{
			"name": "demons_blood_6",
			"from": [6.375, 13.375, 7.75],
			"to": [6.5, 14.25, 7.875],
			"faces": {
				"north": {"uv": [2.75, 2.875, 2.875, 2], "rotation": 180, "texture": "#0"},
				"east": {"uv": [2.75, 2, 2.875, 2.875], "texture": "#0"},
				"south": {"uv": [2.75, 2, 2.875, 2.875], "texture": "#0"},
				"west": {"uv": [2.75, 2, 2.875, 2.875], "texture": "#0"},
				"up": {"uv": [2.875, 2, 2.75, 2.125], "rotation": 180, "texture": "#0"},
				"down": {"uv": [2.75, 2.75, 2.875, 2.875], "texture": "#0"}
			}
		},
		{
			"name": "demons_blood_7",
			"from": [6.5, 13.125, 7.6875],
			"to": [6.625, 14.125, 7.9375],
			"faces": {
				"north": {"uv": [3.875, 3.125, 4, 2.125], "rotation": 180, "texture": "#0"},
				"east": {"uv": [3.875, 2.125, 4, 3.125], "texture": "#0"},
				"south": {"uv": [3.875, 2.125, 4, 3.125], "texture": "#0"},
				"west": {"uv": [3.875, 2.125, 4, 3.125], "texture": "#0"},
				"up": {"uv": [4, 2.125, 3.875, 2.25], "rotation": 180, "texture": "#0"},
				"down": {"uv": [3.875, 3, 4, 3.125], "texture": "#0"}
			}
		},
		{
			"name": "demons_blood_8",
			"from": [6.625, 11.5, 7.625],
			"to": [6.75, 14.125, 8],
			"faces": {
				"north": {"uv": [4.625, 4.75, 4.75, 2.125], "rotation": 180, "texture": "#0"},
				"east": {"uv": [4.625, 2.125, 4.75, 4.75], "texture": "#0"},
				"south": {"uv": [4.625, 2.125, 4.75, 4.75], "texture": "#0"},
				"west": {"uv": [4.625, 2.125, 4.75, 4.75], "texture": "#0"},
				"up": {"uv": [4.75, 2.125, 4.625, 2.25], "rotation": 180, "texture": "#0"},
				"down": {"uv": [4.625, 4.625, 4.75, 4.75], "texture": "#0"}
			}
		},
		{
			"name": "demons_blood_9",
			"from": [6.25, 12.625, 7.75],
			"to": [6.375, 13.5, 7.875],
			"faces": {
				"north": {"uv": [2.625, 3.625, 2.75, 2.75], "rotation": 180, "texture": "#0"},
				"east": {"uv": [2.625, 2.75, 2.75, 3.625], "texture": "#0"},
				"south": {"uv": [2.625, 2.75, 2.75, 3.625], "texture": "#0"},
				"west": {"uv": [2.625, 2.75, 2.75, 3.625], "texture": "#0"},
				"up": {"uv": [2.75, 2.75, 2.625, 2.875], "rotation": 180, "texture": "#0"},
				"down": {"uv": [2.625, 3.5, 2.75, 3.625], "texture": "#0"}
			}
		},
		{
			"name": "demons_blood_10",
			"from": [6.375, 12.125, 7.6875],
			"to": [6.5, 13.375, 7.9375],
			"faces": {
				"north": {"uv": [3.75, 4.125, 3.875, 2.875], "rotation": 180, "texture": "#0"},
				"east": {"uv": [3.75, 2.875, 3.875, 4.125], "texture": "#0"},
				"south": {"uv": [3.75, 2.875, 3.875, 4.125], "texture": "#0"},
				"west": {"uv": [3.75, 2.875, 3.875, 4.125], "texture": "#0"},
				"up": {"uv": [3.875, 2.875, 3.75, 3], "rotation": 180, "texture": "#0"},
				"down": {"uv": [3.75, 4, 3.875, 4.125], "texture": "#0"}
			}
		},
		{
			"name": "demons_blood_11",
			"from": [6.5, 11.125, 7.625],
			"to": [6.625, 13.125, 8],
			"faces": {
				"north": {"uv": [4.5, 5.125, 4.625, 3.125], "rotation": 180, "texture": "#0"},
				"east": {"uv": [4.5, 3.125, 4.625, 5.125], "texture": "#0"},
				"south": {"uv": [4.5, 3.125, 4.625, 5.125], "texture": "#0"},
				"west": {"uv": [4.5, 3.125, 4.625, 5.125], "texture": "#0"},
				"up": {"uv": [4.625, 3.125, 4.5, 3.25], "rotation": 180, "texture": "#0"},
				"down": {"uv": [4.5, 5, 4.625, 5.125], "texture": "#0"}
			}
		},
		{
			"name": "demons_blood_12",
			"from": [6.125, 11.875, 7.75],
			"to": [6.25, 12.75, 7.875],
			"faces": {
				"north": {"uv": [2.5, 4.375, 2.625, 3.5], "rotation": 180, "texture": "#0"},
				"east": {"uv": [2.5, 3.5, 2.625, 4.375], "texture": "#0"},
				"south": {"uv": [2.5, 3.5, 2.625, 4.375], "texture": "#0"},
				"west": {"uv": [2.5, 3.5, 2.625, 4.375], "texture": "#0"},
				"up": {"uv": [2.625, 3.5, 2.5, 3.625], "rotation": 180, "texture": "#0"},
				"down": {"uv": [2.5, 4.25, 2.625, 4.375], "texture": "#0"}
			}
		},
		{
			"name": "demons_blood_13",
			"from": [6.25, 11.25, 7.6875],
			"to": [6.375, 12.625, 7.9375],
			"faces": {
				"north": {"uv": [3.625, 5, 3.75, 3.625], "rotation": 180, "texture": "#0"},
				"east": {"uv": [3.625, 3.625, 3.75, 5], "texture": "#0"},
				"south": {"uv": [3.625, 3.625, 3.75, 5], "texture": "#0"},
				"west": {"uv": [3.625, 3.625, 3.75, 5], "texture": "#0"},
				"up": {"uv": [3.75, 3.625, 3.625, 3.75], "rotation": 180, "texture": "#0"},
				"down": {"uv": [3.625, 4.875, 3.75, 5], "texture": "#0"}
			}
		},
		{
			"name": "demons_blood_14",
			"from": [6.375, 9.25, 7.625],
			"to": [6.5, 12.125, 8],
			"faces": {
				"north": {"uv": [4.375, 7, 4.5, 4.125], "rotation": 180, "texture": "#0"},
				"east": {"uv": [4.375, 4.125, 4.5, 7], "texture": "#0"},
				"south": {"uv": [4.375, 4.125, 4.5, 7], "texture": "#0"},
				"west": {"uv": [4.375, 4.125, 4.5, 7], "texture": "#0"},
				"up": {"uv": [4.5, 4.125, 4.375, 4.25], "rotation": 180, "texture": "#0"},
				"down": {"uv": [4.375, 6.875, 4.5, 7], "texture": "#0"}
			}
		},
		{
			"name": "demons_blood_15",
			"from": [6, 11.125, 7.75],
			"to": [6.125, 12, 7.875],
			"faces": {
				"north": {"uv": [2.375, 5.125, 2.5, 4.25], "rotation": 180, "texture": "#0"},
				"east": {"uv": [2.375, 4.25, 2.5, 5.125], "texture": "#0"},
				"south": {"uv": [2.375, 4.25, 2.5, 5.125], "texture": "#0"},
				"west": {"uv": [2.375, 4.25, 2.5, 5.125], "texture": "#0"},
				"up": {"uv": [2.5, 4.25, 2.375, 4.375], "rotation": 180, "texture": "#0"},
				"down": {"uv": [2.375, 5, 2.5, 5.125], "texture": "#0"}
			}
		},
		{
			"name": "demons_blood_16",
			"from": [6.125, 10.375, 7.6875],
			"to": [6.25, 11.875, 7.9375],
			"faces": {
				"north": {"uv": [3.5, 5.875, 3.625, 4.375], "rotation": 180, "texture": "#0"},
				"east": {"uv": [3.5, 4.375, 3.625, 5.875], "texture": "#0"},
				"south": {"uv": [3.5, 4.375, 3.625, 5.875], "texture": "#0"},
				"west": {"uv": [3.5, 4.375, 3.625, 5.875], "texture": "#0"},
				"up": {"uv": [3.625, 4.375, 3.5, 4.5], "rotation": 180, "texture": "#0"},
				"down": {"uv": [3.5, 5.75, 3.625, 5.875], "texture": "#0"}
			}
		},
		{
			"name": "demons_blood_17",
			"from": [5.875, 10.375, 7.75],
			"to": [6, 11.25, 7.875],
			"faces": {
				"north": {"uv": [2.25, 5.875, 2.375, 5], "rotation": 180, "texture": "#0"},
				"east": {"uv": [2.25, 5, 2.375, 5.875], "texture": "#0"},
				"south": {"uv": [2.25, 5, 2.375, 5.875], "texture": "#0"},
				"west": {"uv": [2.25, 5, 2.375, 5.875], "texture": "#0"},
				"up": {"uv": [2.375, 5, 2.25, 5.125], "rotation": 180, "texture": "#0"},
				"down": {"uv": [2.25, 5.75, 2.375, 5.875], "texture": "#0"}
			}
		},
		{
			"name": "demons_blood_18",
			"from": [6.25, 6, 7.625],
			"to": [6.375, 11.25, 8],
			"faces": {
				"north": {"uv": [4.25, 10.25, 4.375, 5], "rotation": 180, "texture": "#0"},
				"east": {"uv": [4.25, 5, 4.375, 10.25], "texture": "#0"},
				"south": {"uv": [4.25, 5, 4.375, 10.25], "texture": "#0"},
				"west": {"uv": [4.25, 5, 4.375, 10.25], "texture": "#0"},
				"up": {"uv": [4.375, 5, 4.25, 5.125], "rotation": 180, "texture": "#0"},
				"down": {"uv": [4.25, 10.125, 4.375, 10.25], "texture": "#0"}
			}
		},
		{
			"name": "demons_blood_19",
			"from": [6, 9.5, 7.6875],
			"to": [6.125, 11.125, 7.9375],
			"faces": {
				"north": {"uv": [3.375, 6.75, 3.5, 5.125], "rotation": 180, "texture": "#0"},
				"east": {"uv": [3.375, 5.125, 3.5, 6.75], "texture": "#0"},
				"south": {"uv": [3.375, 5.125, 3.5, 6.75], "texture": "#0"},
				"west": {"uv": [3.375, 5.125, 3.5, 6.75], "texture": "#0"},
				"up": {"uv": [3.5, 5.125, 3.375, 5.25], "rotation": 180, "texture": "#0"},
				"down": {"uv": [3.375, 6.625, 3.5, 6.75], "texture": "#0"}
			}
		},
		{
			"name": "demons_blood_20",
			"from": [5.75, 9.625, 7.75],
			"to": [5.875, 10.5, 7.875],
			"faces": {
				"north": {"uv": [2.125, 6.625, 2.25, 5.75], "rotation": 180, "texture": "#0"},
				"east": {"uv": [2.125, 5.75, 2.25, 6.625], "texture": "#0"},
				"south": {"uv": [2.125, 5.75, 2.25, 6.625], "texture": "#0"},
				"west": {"uv": [2.125, 5.75, 2.25, 6.625], "texture": "#0"},
				"up": {"uv": [2.25, 5.75, 2.125, 5.875], "rotation": 180, "texture": "#0"},
				"down": {"uv": [2.125, 6.5, 2.25, 6.625], "texture": "#0"}
			}
		},
		{
			"name": "demons_blood_21",
			"from": [5.875, 8.625, 7.6875],
			"to": [6, 10.375, 7.9375],
			"faces": {
				"north": {"uv": [3.25, 7.625, 3.375, 5.875], "rotation": 180, "texture": "#0"},
				"east": {"uv": [3.25, 5.875, 3.375, 7.625], "texture": "#0"},
				"south": {"uv": [3.25, 5.875, 3.375, 7.625], "texture": "#0"},
				"west": {"uv": [3.25, 5.875, 3.375, 7.625], "texture": "#0"},
				"up": {"uv": [3.375, 5.875, 3.25, 6], "rotation": 180, "texture": "#0"},
				"down": {"uv": [3.25, 7.5, 3.375, 7.625], "texture": "#0"}
			}
		},
		{
			"name": "demons_blood_22",
			"from": [6.125, 7.375, 7.625],
			"to": [6.25, 10.375, 8],
			"faces": {
				"north": {"uv": [4.125, 8.875, 4.25, 5.875], "rotation": 180, "texture": "#0"},
				"east": {"uv": [4.125, 5.875, 4.25, 8.875], "texture": "#0"},
				"south": {"uv": [4.125, 5.875, 4.25, 8.875], "texture": "#0"},
				"west": {"uv": [4.125, 5.875, 4.25, 8.875], "texture": "#0"},
				"up": {"uv": [4.25, 5.875, 4.125, 6], "rotation": 180, "texture": "#0"},
				"down": {"uv": [4.125, 8.75, 4.25, 8.875], "texture": "#0"}
			}
		},
		{
			"name": "demons_blood_23",
			"from": [5.625, 8.875, 7.75],
			"to": [5.75, 9.75, 7.875],
			"faces": {
				"north": {"uv": [2, 7.375, 2.125, 6.5], "rotation": 180, "texture": "#0"},
				"east": {"uv": [2, 6.5, 2.125, 7.375], "texture": "#0"},
				"south": {"uv": [2, 6.5, 2.125, 7.375], "texture": "#0"},
				"west": {"uv": [2, 6.5, 2.125, 7.375], "texture": "#0"},
				"up": {"uv": [2.125, 6.5, 2, 6.625], "rotation": 180, "texture": "#0"},
				"down": {"uv": [2, 7.25, 2.125, 7.375], "texture": "#0"}
			}
		},
		{
			"name": "demons_blood_24",
			"from": [5.75, 7.625, 7.6875],
			"to": [5.875, 9.625, 7.9375],
			"faces": {
				"north": {"uv": [3.125, 8.625, 3.25, 6.625], "rotation": 180, "texture": "#0"},
				"east": {"uv": [3.125, 6.625, 3.25, 8.625], "texture": "#0"},
				"south": {"uv": [3.125, 6.625, 3.25, 8.625], "texture": "#0"},
				"west": {"uv": [3.125, 6.625, 3.25, 8.625], "texture": "#0"},
				"up": {"uv": [3.25, 6.625, 3.125, 6.75], "rotation": 180, "texture": "#0"},
				"down": {"uv": [3.125, 8.5, 3.25, 8.625], "texture": "#0"}
			}
		},
		{
			"name": "demons_blood_25",
			"from": [6, 7.625, 7.625],
			"to": [6.125, 9.5, 8],
			"faces": {
				"north": {"uv": [4, 8.625, 4.125, 6.75], "rotation": 180, "texture": "#0"},
				"east": {"uv": [4, 6.75, 4.125, 8.625], "texture": "#0"},
				"south": {"uv": [4, 6.75, 4.125, 8.625], "texture": "#0"},
				"west": {"uv": [4, 6.75, 4.125, 8.625], "texture": "#0"},
				"up": {"uv": [4.125, 6.75, 4, 6.875], "rotation": 180, "texture": "#0"},
				"down": {"uv": [4, 8.5, 4.125, 8.625], "texture": "#0"}
			}
		},
		{
			"name": "demons_blood_26",
			"from": [6.375, 7.625, 7.75],
			"to": [6.625, 9.25, 7.875],
			"faces": {
				"north": {"uv": [4.75, 8.625, 5, 7], "rotation": 180, "texture": "#0"},
				"east": {"uv": [4.875, 7, 5, 8.625], "texture": "#0"},
				"south": {"uv": [4.75, 7, 5, 8.625], "texture": "#0"},
				"west": {"uv": [4.75, 7, 4.875, 8.625], "texture": "#0"},
				"up": {"uv": [5, 7, 4.75, 7.125], "rotation": 180, "texture": "#0"},
				"down": {"uv": [4.75, 8.5, 5, 8.625], "texture": "#0"}
			}
		},
		{
			"name": "demons_blood_27",
			"from": [5.5, 8.125, 7.75],
			"to": [5.625, 9, 7.875],
			"faces": {
				"north": {"uv": [1.875, 8.125, 2, 7.25], "rotation": 180, "texture": "#0"},
				"east": {"uv": [1.875, 7.25, 2, 8.125], "texture": "#0"},
				"south": {"uv": [1.875, 7.25, 2, 8.125], "texture": "#0"},
				"west": {"uv": [1.875, 7.25, 2, 8.125], "texture": "#0"},
				"up": {"uv": [2, 7.25, 1.875, 7.375], "rotation": 180, "texture": "#0"},
				"down": {"uv": [1.875, 8, 2, 8.125], "texture": "#0"}
			}
		},
		{
			"name": "demons_blood_28",
			"from": [5.625, 7.75, 7.6875],
			"to": [5.75, 8.875, 7.9375],
			"faces": {
				"north": {"uv": [3, 8.5, 3.125, 7.375], "rotation": 180, "texture": "#0"},
				"east": {"uv": [3, 7.375, 3.125, 8.5], "texture": "#0"},
				"south": {"uv": [3, 7.375, 3.125, 8.5], "texture": "#0"},
				"west": {"uv": [3, 7.375, 3.125, 8.5], "texture": "#0"},
				"up": {"uv": [3.125, 7.375, 3, 7.5], "rotation": 180, "texture": "#0"},
				"down": {"uv": [3, 8.375, 3.125, 8.5], "texture": "#0"}
			}
		},
		{
			"name": "demons_blood_29",
			"from": [5.875, 7.875, 7.625],
			"to": [6, 8.625, 8],
			"faces": {
				"north": {"uv": [3.875, 8.375, 4, 7.625], "rotation": 180, "texture": "#0"},
				"east": {"uv": [3.875, 7.625, 4, 8.375], "texture": "#0"},
				"south": {"uv": [3.875, 7.625, 4, 8.375], "texture": "#0"},
				"west": {"uv": [3.875, 7.625, 4, 8.375], "texture": "#0"},
				"up": {"uv": [4, 7.625, 3.875, 7.75], "rotation": 180, "texture": "#0"},
				"down": {"uv": [3.875, 8.25, 4, 8.375], "texture": "#0"}
			}
		},
		{
			"name": "demons_blood_30",
			"from": [6.625, 6.625, 7.75],
			"to": [6.75, 8.625, 7.875],
			"faces": {
				"north": {"uv": [5, 9.625, 5.125, 7.625], "rotation": 180, "texture": "#0"},
				"east": {"uv": [5, 7.625, 5.125, 9.625], "texture": "#0"},
				"south": {"uv": [5, 7.625, 5.125, 9.625], "texture": "#0"},
				"west": {"uv": [5, 7.625, 5.125, 9.625], "texture": "#0"},
				"up": {"uv": [5.125, 7.625, 5, 7.75], "rotation": 180, "texture": "#0"},
				"down": {"uv": [5, 9.5, 5.125, 9.625], "texture": "#0"}
			}
		},
		{
			"name": "demons_blood_31",
			"from": [5.375, 7.75, 7.75],
			"to": [5.5, 8.25, 7.875],
			"faces": {
				"north": {"uv": [1.75, 8.5, 1.875, 8], "rotation": 180, "texture": "#0"},
				"east": {"uv": [1.75, 8, 1.875, 8.5], "texture": "#0"},
				"south": {"uv": [1.75, 8, 1.875, 8.5], "texture": "#0"},
				"west": {"uv": [1.75, 8, 1.875, 8.5], "texture": "#0"},
				"up": {"uv": [1.875, 8, 1.75, 8.125], "rotation": 180, "texture": "#0"},
				"down": {"uv": [1.75, 8.375, 1.875, 8.5], "texture": "#0"}
			}
		},
		{
			"name": "demons_blood_32",
			"from": [5.5, 7.75, 7.6875],
			"to": [5.625, 8.125, 7.9375],
			"faces": {
				"north": {"uv": [2.875, 8.5, 3, 8.125], "rotation": 180, "texture": "#0"},
				"east": {"uv": [2.875, 8.125, 3, 8.5], "texture": "#0"},
				"south": {"uv": [2.875, 8.125, 3, 8.5], "texture": "#0"},
				"west": {"uv": [2.875, 8.125, 3, 8.5], "texture": "#0"},
				"up": {"uv": [3, 8.125, 2.875, 8.25], "rotation": 180, "texture": "#0"},
				"down": {"uv": [2.875, 8.375, 3, 8.5], "texture": "#0"}
			}
		},
		{
			"name": "demons_blood_33",
			"from": [6.75, 6.75, 7.75],
			"to": [6.875, 8, 7.875],
			"faces": {
				"north": {"uv": [5.125, 9.5, 5.25, 8.25], "rotation": 180, "texture": "#0"},
				"east": {"uv": [5.125, 8.25, 5.25, 9.5], "texture": "#0"},
				"south": {"uv": [5.125, 8.25, 5.25, 9.5], "texture": "#0"},
				"west": {"uv": [5.125, 8.25, 5.25, 9.5], "texture": "#0"},
				"up": {"uv": [5.25, 8.25, 5.125, 8.375], "rotation": 180, "texture": "#0"},
				"down": {"uv": [5.125, 9.375, 5.25, 9.5], "texture": "#0"}
			}
		},
		{
			"name": "demons_blood_34",
			"from": [5.875, 5.75, 7.6875],
			"to": [6, 7.875, 7.9375],
			"faces": {
				"north": {"uv": [3.25, 10.5, 3.375, 8.375], "rotation": 180, "texture": "#0"},
				"east": {"uv": [3.25, 8.375, 3.375, 10.5], "texture": "#0"},
				"south": {"uv": [3.25, 8.375, 3.375, 10.5], "texture": "#0"},
				"west": {"uv": [3.25, 8.375, 3.375, 10.5], "texture": "#0"},
				"up": {"uv": [3.375, 8.375, 3.25, 8.5], "rotation": 180, "texture": "#0"},
				"down": {"uv": [3.25, 10.375, 3.375, 10.5], "texture": "#0"}
			}
		},
		{
			"name": "demons_blood_35",
			"from": [6, 6, 7.6875],
			"to": [6.125, 7.625, 7.9375],
			"faces": {
				"north": {"uv": [3.375, 10.25, 3.5, 8.625], "rotation": 180, "texture": "#0"},
				"east": {"uv": [3.375, 8.625, 3.5, 10.25], "texture": "#0"},
				"south": {"uv": [3.375, 8.625, 3.5, 10.25], "texture": "#0"},
				"west": {"uv": [3.375, 8.625, 3.5, 10.25], "texture": "#0"},
				"up": {"uv": [3.5, 8.625, 3.375, 8.75], "rotation": 180, "texture": "#0"},
				"down": {"uv": [3.375, 10.125, 3.5, 10.25], "texture": "#0"}
			}
		},
		{
			"name": "demons_blood_36",
			"from": [6.375, 6.625, 7.625],
			"to": [6.5, 7.625, 8],
			"faces": {
				"north": {"uv": [4.375, 9.625, 4.5, 8.625], "rotation": 180, "texture": "#0"},
				"east": {"uv": [4.375, 8.625, 4.5, 9.625], "texture": "#0"},
				"south": {"uv": [4.375, 8.625, 4.5, 9.625], "texture": "#0"},
				"west": {"uv": [4.375, 8.625, 4.5, 9.625], "texture": "#0"},
				"up": {"uv": [4.5, 8.625, 4.375, 8.75], "rotation": 180, "texture": "#0"},
				"down": {"uv": [4.375, 9.5, 4.5, 9.625], "texture": "#0"}
			}
		},
		{
			"name": "demons_blood_37",
			"from": [6.5, 6.625, 7.75],
			"to": [6.625, 7.625, 7.875],
			"faces": {
				"north": {"uv": [4.875, 9.625, 5, 8.625], "rotation": 180, "texture": "#0"},
				"east": {"uv": [4.875, 8.625, 5, 9.625], "texture": "#0"},
				"south": {"uv": [4.875, 8.625, 5, 9.625], "texture": "#0"},
				"west": {"uv": [4.875, 8.625, 5, 9.625], "texture": "#0"},
				"up": {"uv": [5, 8.625, 4.875, 8.75], "rotation": 180, "texture": "#0"},
				"down": {"uv": [4.875, 9.5, 5, 9.625], "texture": "#0"}
			}
		},
		{
			"name": "demons_blood_38",
			"from": [6.875, 7.125, 7.75],
			"to": [7, 7.625, 7.875],
			"faces": {
				"north": {"uv": [5.25, 9.125, 5.375, 8.625], "rotation": 180, "texture": "#0"},
				"east": {"uv": [5.25, 8.625, 5.375, 9.125], "texture": "#0"},
				"south": {"uv": [5.25, 8.625, 5.375, 9.125], "texture": "#0"},
				"west": {"uv": [5.25, 8.625, 5.375, 9.125], "texture": "#0"},
				"up": {"uv": [5.375, 8.625, 5.25, 8.75], "rotation": 180, "texture": "#0"},
				"down": {"uv": [5.25, 9, 5.375, 9.125], "texture": "#0"}
			}
		},
		{
			"name": "demons_blood_39",
			"from": [6.125, 6.5, 7.6875],
			"to": [6.25, 7.375, 7.9375],
			"faces": {
				"north": {"uv": [3.5, 9.75, 3.625, 8.875], "rotation": 180, "texture": "#0"},
				"east": {"uv": [3.5, 8.875, 3.625, 9.75], "texture": "#0"},
				"south": {"uv": [3.5, 8.875, 3.625, 9.75], "texture": "#0"},
				"west": {"uv": [3.5, 8.875, 3.625, 9.75], "texture": "#0"},
				"up": {"uv": [3.625, 8.875, 3.5, 9], "rotation": 180, "texture": "#0"},
				"down": {"uv": [3.5, 9.625, 3.625, 9.75], "texture": "#0"}
			}
		},
		{
			"name": "demons_blood_40",
			"from": [7, 7, 7.5],
			"to": [7.375, 7.25, 8.125],
			"faces": {
				"north": {"uv": [8.5, 9.25, 8.875, 9], "rotation": 180, "texture": "#0"},
				"east": {"uv": [8.75, 9, 8.875, 9.25], "texture": "#0"},
				"south": {"uv": [8.5, 9, 8.875, 9.25], "texture": "#0"},
				"west": {"uv": [8.5, 9, 8.625, 9.25], "texture": "#0"},
				"up": {"uv": [8.875, 9, 8.5, 9.125], "rotation": 180, "texture": "#0"},
				"down": {"uv": [8.5, 9.125, 8.875, 9.25], "texture": "#0"}
			}
		},
		{
			"name": "demons_blood_41",
			"from": [7.375, 7.125, 7.5],
			"to": [7.5, 7.25, 8.125],
			"faces": {
				"north": {"uv": [8.875, 9.125, 9, 9], "rotation": 180, "texture": "#0"},
				"east": {"uv": [8.875, 9, 9, 9.125], "texture": "#0"},
				"south": {"uv": [8.875, 9, 9, 9.125], "texture": "#0"},
				"west": {"uv": [8.875, 9, 9, 9.125], "texture": "#0"},
				"up": {"uv": [9, 9, 8.875, 9.125], "rotation": 180, "texture": "#0"},
				"down": {"uv": [8.875, 9, 9, 9.125], "texture": "#0"}
			}
		},
		{
			"name": "demons_blood_42",
			"from": [6.875, 6.625, 7.5],
			"to": [7, 7.125, 8.125],
			"faces": {
				"north": {"uv": [8.375, 9.625, 8.5, 9.125], "rotation": 180, "texture": "#0"},
				"east": {"uv": [8.375, 9.125, 8.5, 9.625], "texture": "#0"},
				"south": {"uv": [8.375, 9.125, 8.5, 9.625], "texture": "#0"},
				"west": {"uv": [8.375, 9.125, 8.5, 9.625], "texture": "#0"},
				"up": {"uv": [8.5, 9.125, 8.375, 9.25], "rotation": 180, "texture": "#0"},
				"down": {"uv": [8.375, 9.5, 8.5, 9.625], "texture": "#0"}
			}
		},
		{
			"name": "demons_blood_43",
			"from": [7, 6.875, 7.5],
			"to": [7.25, 7, 8.125],
			"faces": {
				"north": {"uv": [8.5, 9.375, 8.75, 9.25], "rotation": 180, "texture": "#0"},
				"east": {"uv": [8.625, 9.25, 8.75, 9.375], "texture": "#0"},
				"south": {"uv": [8.5, 9.25, 8.75, 9.375], "texture": "#0"},
				"west": {"uv": [8.5, 9.25, 8.625, 9.375], "texture": "#0"},
				"up": {"uv": [8.75, 9.25, 8.5, 9.375], "rotation": 180, "texture": "#0"},
				"down": {"uv": [8.5, 9.25, 8.75, 9.375], "texture": "#0"}
			}
		},
		{
			"name": "demons_blood_44",
			"from": [7, 6.625, 7.5],
			"to": [7.125, 6.875, 8.125],
			"faces": {
				"north": {"uv": [8.5, 9.625, 8.625, 9.375], "rotation": 180, "texture": "#0"},
				"east": {"uv": [8.5, 9.375, 8.625, 9.625], "texture": "#0"},
				"south": {"uv": [8.5, 9.375, 8.625, 9.625], "texture": "#0"},
				"west": {"uv": [8.5, 9.375, 8.625, 9.625], "texture": "#0"},
				"up": {"uv": [8.625, 9.375, 8.5, 9.5], "rotation": 180, "texture": "#0"},
				"down": {"uv": [8.5, 9.5, 8.625, 9.625], "texture": "#0"}
			}
		},
		{
			"name": "demons_blood_45",
			"from": [6.75, 6.625, 7.5],
			"to": [6.875, 6.75, 8.125],
			"faces": {
				"north": {"uv": [8.25, 9.625, 8.375, 9.5], "rotation": 180, "texture": "#0"},
				"east": {"uv": [8.25, 9.5, 8.375, 9.625], "texture": "#0"},
				"south": {"uv": [8.25, 9.5, 8.375, 9.625], "texture": "#0"},
				"west": {"uv": [8.25, 9.5, 8.375, 9.625], "texture": "#0"},
				"up": {"uv": [8.375, 9.5, 8.25, 9.625], "rotation": 180, "texture": "#0"},
				"down": {"uv": [8.25, 9.5, 8.375, 9.625], "texture": "#0"}
			}
		},
		{
			"name": "demons_blood_46",
			"from": [6.375, 6.5, 7.5],
			"to": [7.125, 6.625, 8.125],
			"faces": {
				"north": {"uv": [10.5, 9.75, 11.25, 9.625], "rotation": 180, "texture": "#0"},
				"east": {"uv": [11.125, 9.625, 11.25, 9.75], "texture": "#0"},
				"south": {"uv": [10.5, 9.625, 11.25, 9.75], "texture": "#0"},
				"west": {"uv": [10.5, 9.625, 10.625, 9.75], "texture": "#0"},
				"up": {"uv": [11.25, 9.625, 10.5, 9.75], "rotation": 180, "texture": "#0"},
				"down": {"uv": [10.5, 9.625, 11.25, 9.75], "texture": "#0"}
			}
		},
		{
			"name": "demons_blood_47",
			"from": [6.125, 6, 7.625],
			"to": [6.25, 6.5, 8],
			"faces": {
				"north": {"uv": [4.125, 10.25, 4.25, 9.75], "rotation": 180, "texture": "#0"},
				"east": {"uv": [4.125, 9.75, 4.25, 10.25], "texture": "#0"},
				"south": {"uv": [4.125, 9.75, 4.25, 10.25], "texture": "#0"},
				"west": {"uv": [4.125, 9.75, 4.25, 10.25], "texture": "#0"},
				"up": {"uv": [4.25, 9.75, 4.125, 9.875], "rotation": 180, "texture": "#0"},
				"down": {"uv": [4.125, 10.125, 4.25, 10.25], "texture": "#0"}
			}
		},
		{
			"name": "demons_blood_48",
			"from": [6.375, 6, 7.625],
			"to": [6.5, 6.5, 8],
			"faces": {
				"north": {"uv": [4.375, 10.25, 4.5, 9.75], "rotation": 180, "texture": "#0"},
				"east": {"uv": [4.375, 9.75, 4.5, 10.25], "texture": "#0"},
				"south": {"uv": [4.375, 9.75, 4.5, 10.25], "texture": "#0"},
				"west": {"uv": [4.375, 9.75, 4.5, 10.25], "texture": "#0"},
				"up": {"uv": [4.5, 9.75, 4.375, 9.875], "rotation": 180, "texture": "#0"},
				"down": {"uv": [4.375, 10.125, 4.5, 10.25], "texture": "#0"}
			}
		},
		{
			"name": "demons_blood_49",
			"from": [6.5, 6.375, 7.5],
			"to": [7.125, 6.5, 8.125],
			"faces": {
				"north": {"uv": [10.625, 9.875, 11.25, 9.75], "rotation": 180, "texture": "#0"},
				"east": {"uv": [11.125, 9.75, 11.25, 9.875], "texture": "#0"},
				"south": {"uv": [10.625, 9.75, 11.25, 9.875], "texture": "#0"},
				"west": {"uv": [10.625, 9.75, 10.75, 9.875], "texture": "#0"},
				"up": {"uv": [11.25, 9.75, 10.625, 9.875], "rotation": 180, "texture": "#0"},
				"down": {"uv": [10.625, 9.75, 11.25, 9.875], "texture": "#0"}
			}
		},
		{
			"name": "demons_blood_50",
			"from": [5.75, 5.625, 7.6875],
			"to": [5.875, 6.375, 7.9375],
			"faces": {
				"north": {"uv": [3.125, 10.625, 3.25, 9.875], "rotation": 180, "texture": "#0"},
				"east": {"uv": [3.125, 9.875, 3.25, 10.625], "texture": "#0"},
				"south": {"uv": [3.125, 9.875, 3.25, 10.625], "texture": "#0"},
				"west": {"uv": [3.125, 9.875, 3.25, 10.625], "texture": "#0"},
				"up": {"uv": [3.25, 9.875, 3.125, 10], "rotation": 180, "texture": "#0"},
				"down": {"uv": [3.125, 10.5, 3.25, 10.625], "texture": "#0"}
			}
		},
		{
			"name": "demons_blood_51",
			"from": [6.5, 5.875, 7.625],
			"to": [6.625, 6.375, 8],
			"faces": {
				"north": {"uv": [4.5, 10.375, 4.625, 9.875], "rotation": 180, "texture": "#0"},
				"east": {"uv": [4.5, 9.875, 4.625, 10.375], "texture": "#0"},
				"south": {"uv": [4.5, 9.875, 4.625, 10.375], "texture": "#0"},
				"west": {"uv": [4.5, 9.875, 4.625, 10.375], "texture": "#0"},
				"up": {"uv": [4.625, 9.875, 4.5, 10], "rotation": 180, "texture": "#0"},
				"down": {"uv": [4.5, 10.25, 4.625, 10.375], "texture": "#0"}
			}
		},
		{
			"name": "demons_blood_52",
			"from": [6.625, 6.25, 7.5],
			"to": [7.125, 6.375, 8.125],
			"faces": {
				"north": {"uv": [10.75, 10, 11.25, 9.875], "rotation": 180, "texture": "#0"},
				"east": {"uv": [11.125, 9.875, 11.25, 10], "texture": "#0"},
				"south": {"uv": [10.75, 9.875, 11.25, 10], "texture": "#0"},
				"west": {"uv": [10.75, 9.875, 10.875, 10], "texture": "#0"},
				"up": {"uv": [11.25, 9.875, 10.75, 10], "rotation": 180, "texture": "#0"},
				"down": {"uv": [10.75, 9.875, 11.25, 10], "texture": "#0"}
			}
		},
		{
			"name": "demons_blood_53",
			"from": [6.625, 5.75, 7.5625],
			"to": [7.125, 6.25, 8.0625],
			"faces": {
				"north": {"uv": [8.125, 10.5, 8.625, 10], "rotation": 180, "texture": "#0"},
				"east": {"uv": [8.5, 10, 8.625, 10.5], "texture": "#0"},
				"south": {"uv": [8.125, 10, 8.625, 10.5], "texture": "#0"},
				"west": {"uv": [8.125, 10, 8.25, 10.5], "texture": "#0"},
				"up": {"uv": [8.625, 10, 8.125, 10.125], "rotation": 180, "texture": "#0"},
				"down": {"uv": [8.125, 10.375, 8.625, 10.5], "texture": "#0"}
			}
		},
		{
			"name": "demons_blood_54",
			"from": [5.625, 5.375, 7.6875],
			"to": [5.75, 6, 7.9375],
			"faces": {
				"north": {"uv": [3, 10.875, 3.125, 10.25], "rotation": 180, "texture": "#0"},
				"east": {"uv": [3, 10.25, 3.125, 10.875], "texture": "#0"},
				"south": {"uv": [3, 10.25, 3.125, 10.875], "texture": "#0"},
				"west": {"uv": [3, 10.25, 3.125, 10.875], "texture": "#0"},
				"up": {"uv": [3.125, 10.25, 3, 10.375], "rotation": 180, "texture": "#0"},
				"down": {"uv": [3, 10.75, 3.125, 10.875], "texture": "#0"}
			}
		},
		{
			"name": "demons_blood_55",
			"from": [6, 5.875, 7.5],
			"to": [6.5, 6, 8.125],
			"faces": {
				"north": {"uv": [10.125, 10.375, 10.625, 10.25], "rotation": 180, "texture": "#0"},
				"east": {"uv": [10.5, 10.25, 10.625, 10.375], "texture": "#0"},
				"south": {"uv": [10.125, 10.25, 10.625, 10.375], "texture": "#0"},
				"west": {"uv": [10.125, 10.25, 10.25, 10.375], "texture": "#0"},
				"up": {"uv": [10.625, 10.25, 10.125, 10.375], "rotation": 180, "texture": "#0"},
				"down": {"uv": [10.125, 10.25, 10.625, 10.375], "texture": "#0"}
			}
		},
		{
			"name": "demons_blood_56",
			"from": [6, 5.25, 7.625],
			"to": [6.125, 5.875, 8],
			"faces": {
				"north": {"uv": [4, 11, 4.125, 10.375], "rotation": 180, "texture": "#0"},
				"east": {"uv": [4, 10.375, 4.125, 11], "texture": "#0"},
				"south": {"uv": [4, 10.375, 4.125, 11], "texture": "#0"},
				"west": {"uv": [4, 10.375, 4.125, 11], "texture": "#0"},
				"up": {"uv": [4.125, 10.375, 4, 10.5], "rotation": 180, "texture": "#0"},
				"down": {"uv": [4, 10.875, 4.125, 11], "texture": "#0"}
			}
		},
		{
			"name": "demons_blood_57",
			"from": [6.125, 5.75, 7.5],
			"to": [6.625, 5.875, 8.125],
			"faces": {
				"north": {"uv": [10.25, 10.5, 10.75, 10.375], "rotation": 180, "texture": "#0"},
				"east": {"uv": [10.625, 10.375, 10.75, 10.5], "texture": "#0"},
				"south": {"uv": [10.25, 10.375, 10.75, 10.5], "texture": "#0"},
				"west": {"uv": [10.25, 10.375, 10.375, 10.5], "texture": "#0"},
				"up": {"uv": [10.75, 10.375, 10.25, 10.5], "rotation": 180, "texture": "#0"},
				"down": {"uv": [10.25, 10.375, 10.75, 10.5], "texture": "#0"}
			}
		},
		{
			"name": "demons_blood_58",
			"from": [5.5, 5.25, 7.6875],
			"to": [5.625, 5.75, 7.9375],
			"faces": {
				"north": {"uv": [2.875, 11, 3, 10.5], "rotation": 180, "texture": "#0"},
				"east": {"uv": [2.875, 10.5, 3, 11], "texture": "#0"},
				"south": {"uv": [2.875, 10.5, 3, 11], "texture": "#0"},
				"west": {"uv": [2.875, 10.5, 3, 11], "texture": "#0"},
				"up": {"uv": [3, 10.5, 2.875, 10.625], "rotation": 180, "texture": "#0"},
				"down": {"uv": [2.875, 10.875, 3, 11], "texture": "#0"}
			}
		},
		{
			"name": "demons_blood_59",
			"from": [5.875, 5.125, 7.625],
			"to": [6, 5.75, 8],
			"faces": {
				"north": {"uv": [3.875, 11.125, 4, 10.5], "rotation": 180, "texture": "#0"},
				"east": {"uv": [3.875, 10.5, 4, 11.125], "texture": "#0"},
				"south": {"uv": [3.875, 10.5, 4, 11.125], "texture": "#0"},
				"west": {"uv": [3.875, 10.5, 4, 11.125], "texture": "#0"},
				"up": {"uv": [4, 10.5, 3.875, 10.625], "rotation": 180, "texture": "#0"},
				"down": {"uv": [3.875, 11, 4, 11.125], "texture": "#0"}
			}
		},
		{
			"name": "demons_blood_60",
			"from": [6.125, 5.375, 7.625],
			"to": [6.25, 5.75, 8],
			"faces": {
				"north": {"uv": [4.125, 10.875, 4.25, 10.5], "rotation": 180, "texture": "#0"},
				"east": {"uv": [4.125, 10.5, 4.25, 10.875], "texture": "#0"},
				"south": {"uv": [4.125, 10.5, 4.25, 10.875], "texture": "#0"},
				"west": {"uv": [4.125, 10.5, 4.25, 10.875], "texture": "#0"},
				"up": {"uv": [4.25, 10.5, 4.125, 10.625], "rotation": 180, "texture": "#0"},
				"down": {"uv": [4.125, 10.75, 4.25, 10.875], "texture": "#0"}
			}
		},
		{
			"name": "demons_blood_61",
			"from": [7.5, 4.625, 7.75],
			"to": [7.625, 5.75, 7.875],
			"faces": {
				"north": {"uv": [5.875, 11.625, 6, 10.5], "rotation": 180, "texture": "#0"},
				"east": {"uv": [5.875, 10.5, 6, 11.625], "texture": "#0"},
				"south": {"uv": [5.875, 10.5, 6, 11.625], "texture": "#0"},
				"west": {"uv": [5.875, 10.5, 6, 11.625], "texture": "#0"},
				"up": {"uv": [6, 10.5, 5.875, 10.625], "rotation": 180, "texture": "#0"},
				"down": {"uv": [5.875, 11.5, 6, 11.625], "texture": "#0"}
			}
		},
		{
			"name": "demons_blood_62",
			"from": [6.625, 5.5, 7.5625],
			"to": [6.875, 5.75, 8.0625],
			"faces": {
				"north": {"uv": [8.125, 10.75, 8.375, 10.5], "rotation": 180, "texture": "#0"},
				"east": {"uv": [8.25, 10.5, 8.375, 10.75], "texture": "#0"},
				"south": {"uv": [8.125, 10.5, 8.375, 10.75], "texture": "#0"},
				"west": {"uv": [8.125, 10.5, 8.25, 10.75], "texture": "#0"},
				"up": {"uv": [8.375, 10.5, 8.125, 10.625], "rotation": 180, "texture": "#0"},
				"down": {"uv": [8.125, 10.625, 8.375, 10.75], "texture": "#0"}
			}
		},
		{
			"name": "demons_blood_63",
			"from": [6.875, 5.625, 7.5625],
			"to": [7, 5.75, 8.0625],
			"faces": {
				"north": {"uv": [8.375, 10.625, 8.5, 10.5], "rotation": 180, "texture": "#0"},
				"east": {"uv": [8.375, 10.5, 8.5, 10.625], "texture": "#0"},
				"south": {"uv": [8.375, 10.5, 8.5, 10.625], "texture": "#0"},
				"west": {"uv": [8.375, 10.5, 8.5, 10.625], "texture": "#0"},
				"up": {"uv": [8.5, 10.5, 8.375, 10.625], "rotation": 180, "texture": "#0"},
				"down": {"uv": [8.375, 10.5, 8.5, 10.625], "texture": "#0"}
			}
		},
		{
			"name": "demons_blood_64",
			"from": [6.25, 5.625, 7.5],
			"to": [6.625, 5.75, 8.125],
			"faces": {
				"north": {"uv": [10.375, 10.625, 10.75, 10.5], "rotation": 180, "texture": "#0"},
				"east": {"uv": [10.625, 10.5, 10.75, 10.625], "texture": "#0"},
				"south": {"uv": [10.375, 10.5, 10.75, 10.625], "texture": "#0"},
				"west": {"uv": [10.375, 10.5, 10.5, 10.625], "texture": "#0"},
				"up": {"uv": [10.75, 10.5, 10.375, 10.625], "rotation": 180, "texture": "#0"},
				"down": {"uv": [10.375, 10.5, 10.75, 10.625], "texture": "#0"}
			}
		},
		{
			"name": "demons_blood_65",
			"from": [5.75, 5.25, 7.625],
			"to": [5.875, 5.625, 8],
			"faces": {
				"north": {"uv": [3.75, 11, 3.875, 10.625], "rotation": 180, "texture": "#0"},
				"east": {"uv": [3.75, 10.625, 3.875, 11], "texture": "#0"},
				"south": {"uv": [3.75, 10.625, 3.875, 11], "texture": "#0"},
				"west": {"uv": [3.75, 10.625, 3.875, 11], "texture": "#0"},
				"up": {"uv": [3.875, 10.625, 3.75, 10.75], "rotation": 180, "texture": "#0"},
				"down": {"uv": [3.75, 10.875, 3.875, 11], "texture": "#0"}
			}
		},
		{
			"name": "demons_blood_66",
			"from": [6.25, 5.5, 7.625],
			"to": [6.375, 5.625, 8],
			"faces": {
				"north": {"uv": [4.25, 10.75, 4.375, 10.625], "rotation": 180, "texture": "#0"},
				"east": {"uv": [4.25, 10.625, 4.375, 10.75], "texture": "#0"},
				"south": {"uv": [4.25, 10.625, 4.375, 10.75], "texture": "#0"},
				"west": {"uv": [4.25, 10.625, 4.375, 10.75], "texture": "#0"},
				"up": {"uv": [4.375, 10.625, 4.25, 10.75], "rotation": 180, "texture": "#0"},
				"down": {"uv": [4.25, 10.625, 4.375, 10.75], "texture": "#0"}
			}
		},
		{
			"name": "demons_blood_67",
			"from": [6.875, 4.375, 7.6875],
			"to": [7, 5.625, 7.9375],
			"faces": {
				"north": {"uv": [4.875, 11.875, 5, 10.625], "rotation": 180, "texture": "#0"},
				"east": {"uv": [4.875, 10.625, 5, 11.875], "texture": "#0"},
				"south": {"uv": [4.875, 10.625, 5, 11.875], "texture": "#0"},
				"west": {"uv": [4.875, 10.625, 5, 11.875], "texture": "#0"},
				"up": {"uv": [5, 10.625, 4.875, 10.75], "rotation": 180, "texture": "#0"},
				"down": {"uv": [4.875, 11.75, 5, 11.875], "texture": "#0"}
			}
		},
		{
			"name": "demons_blood_68",
			"from": [6.375, 5.5, 7.5],
			"to": [6.625, 5.625, 8.125],
			"faces": {
				"north": {"uv": [10.5, 10.75, 10.75, 10.625], "rotation": 180, "texture": "#0"},
				"east": {"uv": [10.625, 10.625, 10.75, 10.75], "texture": "#0"},
				"south": {"uv": [10.5, 10.625, 10.75, 10.75], "texture": "#0"},
				"west": {"uv": [10.5, 10.625, 10.625, 10.75], "texture": "#0"},
				"up": {"uv": [10.75, 10.625, 10.5, 10.75], "rotation": 180, "texture": "#0"},
				"down": {"uv": [10.5, 10.625, 10.75, 10.75], "texture": "#0"}
			}
		},
		{
			"name": "demons_blood_69",
			"from": [6.75, 4.625, 7.625],
			"to": [6.875, 5.5, 8],
			"faces": {
				"north": {"uv": [4.75, 11.625, 4.875, 10.75], "rotation": 180, "texture": "#0"},
				"east": {"uv": [4.75, 10.75, 4.875, 11.625], "texture": "#0"},
				"south": {"uv": [4.75, 10.75, 4.875, 11.625], "texture": "#0"},
				"west": {"uv": [4.75, 10.75, 4.875, 11.625], "texture": "#0"},
				"up": {"uv": [4.875, 10.75, 4.75, 10.875], "rotation": 180, "texture": "#0"},
				"down": {"uv": [4.75, 11.5, 4.875, 11.625], "texture": "#0"}
			}
		},
		{
			"name": "demons_blood_70",
			"from": [7.625, 4.625, 7.75],
			"to": [7.75, 5.5, 7.875],
			"faces": {
				"north": {"uv": [6, 11.625, 6.125, 10.75], "rotation": 180, "texture": "#0"},
				"east": {"uv": [6, 10.75, 6.125, 11.625], "texture": "#0"},
				"south": {"uv": [6, 10.75, 6.125, 11.625], "texture": "#0"},
				"west": {"uv": [6, 10.75, 6.125, 11.625], "texture": "#0"},
				"up": {"uv": [6.125, 10.75, 6, 10.875], "rotation": 180, "texture": "#0"},
				"down": {"uv": [6, 11.5, 6.125, 11.625], "texture": "#0"}
			}
		},
		{
			"name": "demons_blood_71",
			"from": [6.25, 4.125, 7.5625],
			"to": [6.625, 5.5, 8.0625],
			"faces": {
				"north": {"uv": [7.75, 12.125, 8.125, 10.75], "rotation": 180, "texture": "#0"},
				"east": {"uv": [8, 10.75, 8.125, 12.125], "texture": "#0"},
				"south": {"uv": [7.75, 10.75, 8.125, 12.125], "texture": "#0"},
				"west": {"uv": [7.75, 10.75, 7.875, 12.125], "texture": "#0"},
				"up": {"uv": [8.125, 10.75, 7.75, 10.875], "rotation": 180, "texture": "#0"},
				"down": {"uv": [7.75, 12, 8.125, 12.125], "texture": "#0"}
			}
		},
		{
			"name": "demons_blood_72",
			"from": [6.625, 5.25, 7.5625],
			"to": [6.75, 5.5, 8.0625],
			"faces": {
				"north": {"uv": [8.125, 11, 8.25, 10.75], "rotation": 180, "texture": "#0"},
				"east": {"uv": [8.125, 10.75, 8.25, 11], "texture": "#0"},
				"south": {"uv": [8.125, 10.75, 8.25, 11], "texture": "#0"},
				"west": {"uv": [8.125, 10.75, 8.25, 11], "texture": "#0"},
				"up": {"uv": [8.25, 10.75, 8.125, 10.875], "rotation": 180, "texture": "#0"},
				"down": {"uv": [8.125, 10.875, 8.25, 11], "texture": "#0"}
			}
		},
		{
			"name": "demons_blood_73",
			"from": [5.375, 5, 7.6875],
			"to": [5.5, 5.375, 7.9375],
			"faces": {
				"north": {"uv": [2.75, 11.25, 2.875, 10.875], "rotation": 180, "texture": "#0"},
				"east": {"uv": [2.75, 10.875, 2.875, 11.25], "texture": "#0"},
				"south": {"uv": [2.75, 10.875, 2.875, 11.25], "texture": "#0"},
				"west": {"uv": [2.75, 10.875, 2.875, 11.25], "texture": "#0"},
				"up": {"uv": [2.875, 10.875, 2.75, 11], "rotation": 180, "texture": "#0"},
				"down": {"uv": [2.75, 11.125, 2.875, 11.25], "texture": "#0"}
			}
		},
		{
			"name": "demons_blood_74",
			"from": [5.625, 5.25, 7.625],
			"to": [5.75, 5.375, 8],
			"faces": {
				"north": {"uv": [3.625, 11, 3.75, 10.875], "rotation": 180, "texture": "#0"},
				"east": {"uv": [3.625, 10.875, 3.75, 11], "texture": "#0"},
				"south": {"uv": [3.625, 10.875, 3.75, 11], "texture": "#0"},
				"west": {"uv": [3.625, 10.875, 3.75, 11], "texture": "#0"},
				"up": {"uv": [3.75, 10.875, 3.625, 11], "rotation": 180, "texture": "#0"},
				"down": {"uv": [3.625, 10.875, 3.75, 11], "texture": "#0"}
			}
		},
		{
			"name": "demons_blood_75",
			"from": [6.125, 5.125, 7.5625],
			"to": [6.25, 5.375, 8.0625],
			"faces": {
				"north": {"uv": [7.625, 11.125, 7.75, 10.875], "rotation": 180, "texture": "#0"},
				"east": {"uv": [7.625, 10.875, 7.75, 11.125], "texture": "#0"},
				"south": {"uv": [7.625, 10.875, 7.75, 11.125], "texture": "#0"},
				"west": {"uv": [7.625, 10.875, 7.75, 11.125], "texture": "#0"},
				"up": {"uv": [7.75, 10.875, 7.625, 11], "rotation": 180, "texture": "#0"},
				"down": {"uv": [7.625, 11, 7.75, 11.125], "texture": "#0"}
			}
		},
		{
			"name": "demons_blood_76",
			"from": [5.25, 4.875, 7.6875],
			"to": [5.375, 5.25, 7.9375],
			"faces": {
				"north": {"uv": [2.625, 11.375, 2.75, 11], "rotation": 180, "texture": "#0"},
				"east": {"uv": [2.625, 11, 2.75, 11.375], "texture": "#0"},
				"south": {"uv": [2.625, 11, 2.75, 11.375], "texture": "#0"},
				"west": {"uv": [2.625, 11, 2.75, 11.375], "texture": "#0"},
				"up": {"uv": [2.75, 11, 2.625, 11.125], "rotation": 180, "texture": "#0"},
				"down": {"uv": [2.625, 11.25, 2.75, 11.375], "texture": "#0"}
			}
		},
		{
			"name": "demons_blood_77",
			"from": [6.625, 4.75, 7.625],
			"to": [6.75, 5.25, 8],
			"faces": {
				"north": {"uv": [4.625, 11.5, 4.75, 11], "rotation": 180, "texture": "#0"},
				"east": {"uv": [4.625, 11, 4.75, 11.5], "texture": "#0"},
				"south": {"uv": [4.625, 11, 4.75, 11.5], "texture": "#0"},
				"west": {"uv": [4.625, 11, 4.75, 11.5], "texture": "#0"},
				"up": {"uv": [4.75, 11, 4.625, 11.125], "rotation": 180, "texture": "#0"},
				"down": {"uv": [4.625, 11.375, 4.75, 11.5], "texture": "#0"}
			}
		},
		{
			"name": "demons_blood_78",
			"from": [7, 4.5, 7.6875],
			"to": [7.125, 5.25, 7.9375],
			"faces": {
				"north": {"uv": [5, 11.75, 5.125, 11], "rotation": 180, "texture": "#0"},
				"east": {"uv": [5, 11, 5.125, 11.75], "texture": "#0"},
				"south": {"uv": [5, 11, 5.125, 11.75], "texture": "#0"},
				"west": {"uv": [5, 11, 5.125, 11.75], "texture": "#0"},
				"up": {"uv": [5.125, 11, 5, 11.125], "rotation": 180, "texture": "#0"},
				"down": {"uv": [5, 11.625, 5.125, 11.75], "texture": "#0"}
			}
		},
		{
			"name": "demons_blood_79",
			"from": [6, 5.125, 7.5625],
			"to": [6.125, 5.25, 8.0625],
			"faces": {
				"north": {"uv": [7.5, 11.125, 7.625, 11], "rotation": 180, "texture": "#0"},
				"east": {"uv": [7.5, 11, 7.625, 11.125], "texture": "#0"},
				"south": {"uv": [7.5, 11, 7.625, 11.125], "texture": "#0"},
				"west": {"uv": [7.5, 11, 7.625, 11.125], "texture": "#0"},
				"up": {"uv": [7.625, 11, 7.5, 11.125], "rotation": 180, "texture": "#0"},
				"down": {"uv": [7.5, 11, 7.625, 11.125], "texture": "#0"}
			}
		},
		{
			"name": "demons_blood_80",
			"from": [5.5, 5.125, 7.5],
			"to": [5.875, 5.25, 8.125],
			"faces": {
				"north": {"uv": [9.625, 11.125, 10, 11], "rotation": 180, "texture": "#0"},
				"east": {"uv": [9.875, 11, 10, 11.125], "texture": "#0"},
				"south": {"uv": [9.625, 11, 10, 11.125], "texture": "#0"},
				"west": {"uv": [9.625, 11, 9.75, 11.125], "texture": "#0"},
				"up": {"uv": [10, 11, 9.625, 11.125], "rotation": 180, "texture": "#0"},
				"down": {"uv": [9.625, 11, 10, 11.125], "texture": "#0"}
			}
		},
		{
			"name": "demons_blood_81",
			"from": [5.125, 4.875, 7.75],
			"to": [5.25, 5.125, 7.875],
			"faces": {
				"north": {"uv": [2, 11.375, 2.125, 11.125], "rotation": 180, "texture": "#0"},
				"east": {"uv": [2, 11.125, 2.125, 11.375], "texture": "#0"},
				"south": {"uv": [2, 11.125, 2.125, 11.375], "texture": "#0"},
				"west": {"uv": [2, 11.125, 2.125, 11.375], "texture": "#0"},
				"up": {"uv": [2.125, 11.125, 2, 11.25], "rotation": 180, "texture": "#0"},
				"down": {"uv": [2, 11.25, 2.125, 11.375], "texture": "#0"}
			}
		},
		{
			"name": "demons_blood_82",
			"from": [5.5, 4.25, 7.625],
			"to": [5.625, 5.125, 8],
			"faces": {
				"north": {"uv": [3.5, 12, 3.625, 11.125], "rotation": 180, "texture": "#0"},
				"east": {"uv": [3.5, 11.125, 3.625, 12], "texture": "#0"},
				"south": {"uv": [3.5, 11.125, 3.625, 12], "texture": "#0"},
				"west": {"uv": [3.5, 11.125, 3.625, 12], "texture": "#0"},
				"up": {"uv": [3.625, 11.125, 3.5, 11.25], "rotation": 180, "texture": "#0"},
				"down": {"uv": [3.5, 11.875, 3.625, 12], "texture": "#0"}
			}
		},
		{
			"name": "demons_blood_83",
			"from": [7.375, 4.5, 7.6875],
			"to": [7.5, 5.125, 7.9375],
			"faces": {
				"north": {"uv": [5.375, 11.75, 5.5, 11.125], "rotation": 180, "texture": "#0"},
				"east": {"uv": [5.375, 11.125, 5.5, 11.75], "texture": "#0"},
				"south": {"uv": [5.375, 11.125, 5.5, 11.75], "texture": "#0"},
				"west": {"uv": [5.375, 11.125, 5.5, 11.75], "texture": "#0"},
				"up": {"uv": [5.5, 11.125, 5.375, 11.25], "rotation": 180, "texture": "#0"},
				"down": {"uv": [5.375, 11.625, 5.5, 11.75], "texture": "#0"}
			}
		},
		{
			"name": "demons_blood_84",
			"from": [7.75, 4.625, 7.75],
			"to": [7.875, 5.125, 7.875],
			"faces": {
				"north": {"uv": [6.125, 11.625, 6.25, 11.125], "rotation": 180, "texture": "#0"},
				"east": {"uv": [6.125, 11.125, 6.25, 11.625], "texture": "#0"},
				"south": {"uv": [6.125, 11.125, 6.25, 11.625], "texture": "#0"},
				"west": {"uv": [6.125, 11.125, 6.25, 11.625], "texture": "#0"},
				"up": {"uv": [6.25, 11.125, 6.125, 11.25], "rotation": 180, "texture": "#0"},
				"down": {"uv": [6.125, 11.5, 6.25, 11.625], "texture": "#0"}
			}
		},
		{
			"name": "demons_blood_85",
			"from": [5.625, 5, 7.5],
			"to": [6.25, 5.125, 8.125],
			"faces": {
				"north": {"uv": [9.75, 11.25, 10.375, 11.125], "rotation": 180, "texture": "#0"},
				"east": {"uv": [10.25, 11.125, 10.375, 11.25], "texture": "#0"},
				"south": {"uv": [9.75, 11.125, 10.375, 11.25], "texture": "#0"},
				"west": {"uv": [9.75, 11.125, 9.875, 11.25], "texture": "#0"},
				"up": {"uv": [10.375, 11.125, 9.75, 11.25], "rotation": 180, "texture": "#0"},
				"down": {"uv": [9.75, 11.125, 10.375, 11.25], "texture": "#0"}
			}
		},
		{
			"name": "demons_blood_86",
			"from": [5, 4.75, 7.75],
			"to": [5.125, 5, 7.875],
			"faces": {
				"north": {"uv": [1.875, 11.5, 2, 11.25], "rotation": 180, "texture": "#0"},
				"east": {"uv": [1.875, 11.25, 2, 11.5], "texture": "#0"},
				"south": {"uv": [1.875, 11.25, 2, 11.5], "texture": "#0"},
				"west": {"uv": [1.875, 11.25, 2, 11.5], "texture": "#0"},
				"up": {"uv": [2, 11.25, 1.875, 11.375], "rotation": 180, "texture": "#0"},
				"down": {"uv": [1.875, 11.375, 2, 11.5], "texture": "#0"}
			}
		},
		{
			"name": "demons_blood_87",
			"from": [5.375, 3.75, 7.625],
			"to": [5.5, 5, 8],
			"faces": {
				"north": {"uv": [3.375, 12.5, 3.5, 11.25], "rotation": 180, "texture": "#0"},
				"east": {"uv": [3.375, 11.25, 3.5, 12.5], "texture": "#0"},
				"south": {"uv": [3.375, 11.25, 3.5, 12.5], "texture": "#0"},
				"west": {"uv": [3.375, 11.25, 3.5, 12.5], "texture": "#0"},
				"up": {"uv": [3.5, 11.25, 3.375, 11.375], "rotation": 180, "texture": "#0"},
				"down": {"uv": [3.375, 12.375, 3.5, 12.5], "texture": "#0"}
			}
		},
		{
			"name": "demons_blood_88",
			"from": [5.625, 4.375, 7.625],
			"to": [5.75, 5, 8],
			"faces": {
				"north": {"uv": [3.625, 11.875, 3.75, 11.25], "rotation": 180, "texture": "#0"},
				"east": {"uv": [3.625, 11.25, 3.75, 11.875], "texture": "#0"},
				"south": {"uv": [3.625, 11.25, 3.75, 11.875], "texture": "#0"},
				"west": {"uv": [3.625, 11.25, 3.75, 11.875], "texture": "#0"},
				"up": {"uv": [3.75, 11.25, 3.625, 11.375], "rotation": 180, "texture": "#0"},
				"down": {"uv": [3.625, 11.75, 3.75, 11.875], "texture": "#0"}
			}
		},
		{
			"name": "demons_blood_89",
			"from": [7.125, 4.5, 7.6875],
			"to": [7.375, 5, 7.9375],
			"faces": {
				"north": {"uv": [5.125, 11.75, 5.375, 11.25], "rotation": 180, "texture": "#0"},
				"east": {"uv": [5.25, 11.25, 5.375, 11.75], "texture": "#0"},
				"south": {"uv": [5.125, 11.25, 5.375, 11.75], "texture": "#0"},
				"west": {"uv": [5.125, 11.25, 5.25, 11.75], "texture": "#0"},
				"up": {"uv": [5.375, 11.25, 5.125, 11.375], "rotation": 180, "texture": "#0"},
				"down": {"uv": [5.125, 11.625, 5.375, 11.75], "texture": "#0"}
			}
		},
		{
			"name": "demons_blood_90",
			"from": [5.75, 4.75, 7.5],
			"to": [6.25, 5, 8.125],
			"faces": {
				"north": {"uv": [9.875, 11.5, 10.375, 11.25], "rotation": 180, "texture": "#0"},
				"east": {"uv": [10.25, 11.25, 10.375, 11.5], "texture": "#0"},
				"south": {"uv": [9.875, 11.25, 10.375, 11.5], "texture": "#0"},
				"west": {"uv": [9.875, 11.25, 10, 11.5], "texture": "#0"},
				"up": {"uv": [10.375, 11.25, 9.875, 11.375], "rotation": 180, "texture": "#0"},
				"down": {"uv": [9.875, 11.375, 10.375, 11.5], "texture": "#0"}
			}
		},
		{
			"name": "demons_blood_91",
			"from": [4.875, 3.875, 7.75],
			"to": [5, 4.875, 7.875],
			"faces": {
				"north": {"uv": [1.75, 12.375, 1.875, 11.375], "rotation": 180, "texture": "#0"},
				"east": {"uv": [1.75, 11.375, 1.875, 12.375], "texture": "#0"},
				"south": {"uv": [1.75, 11.375, 1.875, 12.375], "texture": "#0"},
				"west": {"uv": [1.75, 11.375, 1.875, 12.375], "texture": "#0"},
				"up": {"uv": [1.875, 11.375, 1.75, 11.5], "rotation": 180, "texture": "#0"},
				"down": {"uv": [1.75, 12.25, 1.875, 12.375], "texture": "#0"}
			}
		},
		{
			"name": "demons_blood_92",
			"from": [5.125, 4.375, 7.6875],
			"to": [5.25, 4.875, 7.9375],
			"faces": {
				"north": {"uv": [2.5, 11.875, 2.625, 11.375], "rotation": 180, "texture": "#0"},
				"east": {"uv": [2.5, 11.375, 2.625, 11.875], "texture": "#0"},
				"south": {"uv": [2.5, 11.375, 2.625, 11.875], "texture": "#0"},
				"west": {"uv": [2.5, 11.375, 2.625, 11.875], "texture": "#0"},
				"up": {"uv": [2.625, 11.375, 2.5, 11.5], "rotation": 180, "texture": "#0"},
				"down": {"uv": [2.5, 11.75, 2.625, 11.875], "texture": "#0"}
			}
		},
		{
			"name": "demons_blood_93",
			"from": [5.25, 3.625, 7.625],
			"to": [5.375, 4.875, 8],
			"faces": {
				"north": {"uv": [3.25, 12.625, 3.375, 11.375], "rotation": 180, "texture": "#0"},
				"east": {"uv": [3.25, 11.375, 3.375, 12.625], "texture": "#0"},
				"south": {"uv": [3.25, 11.375, 3.375, 12.625], "texture": "#0"},
				"west": {"uv": [3.25, 11.375, 3.375, 12.625], "texture": "#0"},
				"up": {"uv": [3.375, 11.375, 3.25, 11.5], "rotation": 180, "texture": "#0"},
				"down": {"uv": [3.25, 12.5, 3.375, 12.625], "texture": "#0"}
			}
		},
		{
			"name": "demons_blood_94",
			"from": [5, 3.75, 7.6875],
			"to": [5.125, 4.75, 7.9375],
			"faces": {
				"north": {"uv": [2.375, 12.5, 2.5, 11.5], "rotation": 180, "texture": "#0"},
				"east": {"uv": [2.375, 11.5, 2.5, 12.5], "texture": "#0"},
				"south": {"uv": [2.375, 11.5, 2.5, 12.5], "texture": "#0"},
				"west": {"uv": [2.375, 11.5, 2.5, 12.5], "texture": "#0"},
				"up": {"uv": [2.5, 11.5, 2.375, 11.625], "rotation": 180, "texture": "#0"},
				"down": {"uv": [2.375, 12.375, 2.5, 12.5], "texture": "#0"}
			}
		},
		{
			"name": "demons_blood_95",
			"from": [5.75, 4.5, 7.625],
			"to": [5.875, 4.75, 8],
			"faces": {
				"north": {"uv": [3.75, 11.75, 3.875, 11.5], "rotation": 180, "texture": "#0"},
				"east": {"uv": [3.75, 11.5, 3.875, 11.75], "texture": "#0"},
				"south": {"uv": [3.75, 11.5, 3.875, 11.75], "texture": "#0"},
				"west": {"uv": [3.75, 11.5, 3.875, 11.75], "texture": "#0"},
				"up": {"uv": [3.875, 11.5, 3.75, 11.625], "rotation": 180, "texture": "#0"},
				"down": {"uv": [3.75, 11.625, 3.875, 11.75], "texture": "#0"}
			}
		},
		{
			"name": "demons_blood_96",
			"from": [5.875, 4.625, 7.5625],
			"to": [6.25, 4.75, 8.0625],
			"faces": {
				"north": {"uv": [7.375, 11.625, 7.75, 11.5], "rotation": 180, "texture": "#0"},
				"east": {"uv": [7.625, 11.5, 7.75, 11.625], "texture": "#0"},
				"south": {"uv": [7.375, 11.5, 7.75, 11.625], "texture": "#0"},
				"west": {"uv": [7.375, 11.5, 7.5, 11.625], "texture": "#0"},
				"up": {"uv": [7.75, 11.5, 7.375, 11.625], "rotation": 180, "texture": "#0"},
				"down": {"uv": [7.375, 11.5, 7.75, 11.625], "texture": "#0"}
			}
		},
		{
			"name": "demons_blood_97",
			"from": [6.625, 4.25, 7.5625],
			"to": [6.75, 4.75, 8.0625],
			"faces": {
				"north": {"uv": [8.125, 12, 8.25, 11.5], "rotation": 180, "texture": "#0"},
				"east": {"uv": [8.125, 11.5, 8.25, 12], "texture": "#0"},
				"south": {"uv": [8.125, 11.5, 8.25, 12], "texture": "#0"},
				"west": {"uv": [8.125, 11.5, 8.25, 12], "texture": "#0"},
				"up": {"uv": [8.25, 11.5, 8.125, 11.625], "rotation": 180, "texture": "#0"},
				"down": {"uv": [8.125, 11.875, 8.25, 12], "texture": "#0"}
			}
		},
		{
			"name": "demons_blood_98",
			"from": [6.125, 3.75, 7.5625],
			"to": [6.25, 4.625, 8.0625],
			"faces": {
				"north": {"uv": [7.625, 12.5, 7.75, 11.625], "rotation": 180, "texture": "#0"},
				"east": {"uv": [7.625, 11.625, 7.75, 12.5], "texture": "#0"},
				"south": {"uv": [7.625, 11.625, 7.75, 12.5], "texture": "#0"},
				"west": {"uv": [7.625, 11.625, 7.75, 12.5], "texture": "#0"},
				"up": {"uv": [7.75, 11.625, 7.625, 11.75], "rotation": 180, "texture": "#0"},
				"down": {"uv": [7.625, 12.375, 7.75, 12.5], "texture": "#0"}
			}
		},
		{
			"name": "demons_blood_99",
			"from": [6.75, 4.375, 7.5625],
			"to": [6.875, 4.625, 8.0625],
			"faces": {
				"north": {"uv": [8.25, 11.875, 8.375, 11.625], "rotation": 180, "texture": "#0"},
				"east": {"uv": [8.25, 11.625, 8.375, 11.875], "texture": "#0"},
				"south": {"uv": [8.25, 11.625, 8.375, 11.875], "texture": "#0"},
				"west": {"uv": [8.25, 11.625, 8.375, 11.875], "texture": "#0"},
				"up": {"uv": [8.375, 11.625, 8.25, 11.75], "rotation": 180, "texture": "#0"},
				"down": {"uv": [8.25, 11.75, 8.375, 11.875], "texture": "#0"}
			}
		},
		{
			"name": "demons_blood_100",
			"from": [5.875, 4.125, 7.5],
			"to": [6.125, 4.625, 8.125],
			"faces": {
				"north": {"uv": [10, 12.125, 10.25, 11.625], "rotation": 180, "texture": "#0"},
				"east": {"uv": [10.125, 11.625, 10.25, 12.125], "texture": "#0"},
				"south": {"uv": [10, 11.625, 10.25, 12.125], "texture": "#0"},
				"west": {"uv": [10, 11.625, 10.125, 12.125], "texture": "#0"},
				"up": {"uv": [10.25, 11.625, 10, 11.75], "rotation": 180, "texture": "#0"},
				"down": {"uv": [10, 12, 10.25, 12.125], "texture": "#0"}
			}
		},
		{
			"name": "demons_blood_101",
			"from": [5.75, 4, 7.5],
			"to": [5.875, 4.5, 8.125],
			"faces": {
				"north": {"uv": [9.875, 12.25, 10, 11.75], "rotation": 180, "texture": "#0"},
				"east": {"uv": [9.875, 11.75, 10, 12.25], "texture": "#0"},
				"south": {"uv": [9.875, 11.75, 10, 12.25], "texture": "#0"},
				"west": {"uv": [9.875, 11.75, 10, 12.25], "texture": "#0"},
				"up": {"uv": [10, 11.75, 9.875, 11.875], "rotation": 180, "texture": "#0"},
				"down": {"uv": [9.875, 12.125, 10, 12.25], "texture": "#0"}
			}
		},
		{
			"name": "demons_blood_102",
			"from": [5.125, 3.5, 7.625],
			"to": [5.25, 4.375, 8],
			"faces": {
				"north": {"uv": [3.125, 12.75, 3.25, 11.875], "rotation": 180, "texture": "#0"},
				"east": {"uv": [3.125, 11.875, 3.25, 12.75], "texture": "#0"},
				"south": {"uv": [3.125, 11.875, 3.25, 12.75], "texture": "#0"},
				"west": {"uv": [3.125, 11.875, 3.25, 12.75], "texture": "#0"},
				"up": {"uv": [3.25, 11.875, 3.125, 12], "rotation": 180, "texture": "#0"},
				"down": {"uv": [3.125, 12.625, 3.25, 12.75], "texture": "#0"}
			}
		},
		{
			"name": "demons_blood_103",
			"from": [5.625, 4, 7.5],
			"to": [5.75, 4.375, 8.125],
			"faces": {
				"north": {"uv": [9.75, 12.25, 9.875, 11.875], "rotation": 180, "texture": "#0"},
				"east": {"uv": [9.75, 11.875, 9.875, 12.25], "texture": "#0"},
				"south": {"uv": [9.75, 11.875, 9.875, 12.25], "texture": "#0"},
				"west": {"uv": [9.75, 11.875, 9.875, 12.25], "texture": "#0"},
				"up": {"uv": [9.875, 11.875, 9.75, 12], "rotation": 180, "texture": "#0"},
				"down": {"uv": [9.75, 12.125, 9.875, 12.25], "texture": "#0"}
			}
		},
		{
			"name": "demons_blood_104",
			"from": [5.5, 4, 7.5],
			"to": [5.625, 4.25, 8.125],
			"faces": {
				"north": {"uv": [9.625, 12.25, 9.75, 12], "rotation": 180, "texture": "#0"},
				"east": {"uv": [9.625, 12, 9.75, 12.25], "texture": "#0"},
				"south": {"uv": [9.625, 12, 9.75, 12.25], "texture": "#0"},
				"west": {"uv": [9.625, 12, 9.75, 12.25], "texture": "#0"},
				"up": {"uv": [9.75, 12, 9.625, 12.125], "rotation": 180, "texture": "#0"},
				"down": {"uv": [9.625, 12.125, 9.75, 12.25], "texture": "#0"}
			}
		},
		{
			"name": "demons_blood_105",
			"from": [6, 3.625, 7.5625],
			"to": [6.125, 4.125, 8.0625],
			"faces": {
				"north": {"uv": [7.5, 12.625, 7.625, 12.125], "rotation": 180, "texture": "#0"},
				"east": {"uv": [7.5, 12.125, 7.625, 12.625], "texture": "#0"},
				"south": {"uv": [7.5, 12.125, 7.625, 12.625], "texture": "#0"},
				"west": {"uv": [7.5, 12.125, 7.625, 12.625], "texture": "#0"},
				"up": {"uv": [7.625, 12.125, 7.5, 12.25], "rotation": 180, "texture": "#0"},
				"down": {"uv": [7.5, 12.5, 7.625, 12.625], "texture": "#0"}
			}
		},
		{
			"name": "demons_blood_106",
			"from": [6.25, 4, 7.5625],
			"to": [6.5, 4.125, 8.0625],
			"faces": {
				"north": {"uv": [7.75, 12.25, 8, 12.125], "rotation": 180, "texture": "#0"},
				"east": {"uv": [7.875, 12.125, 8, 12.25], "texture": "#0"},
				"south": {"uv": [7.75, 12.125, 8, 12.25], "texture": "#0"},
				"west": {"uv": [7.75, 12.125, 7.875, 12.25], "texture": "#0"},
				"up": {"uv": [8, 12.125, 7.75, 12.25], "rotation": 180, "texture": "#0"},
				"down": {"uv": [7.75, 12.125, 8, 12.25], "texture": "#0"}
			}
		},
		{
			"name": "demons_blood_107",
			"from": [5.875, 4, 7.5],
			"to": [6, 4.125, 8.125],
			"faces": {
				"north": {"uv": [10, 12.25, 10.125, 12.125], "rotation": 180, "texture": "#0"},
				"east": {"uv": [10, 12.125, 10.125, 12.25], "texture": "#0"},
				"south": {"uv": [10, 12.125, 10.125, 12.25], "texture": "#0"},
				"west": {"uv": [10, 12.125, 10.125, 12.25], "texture": "#0"},
				"up": {"uv": [10.125, 12.125, 10, 12.25], "rotation": 180, "texture": "#0"},
				"down": {"uv": [10, 12.125, 10.125, 12.25], "texture": "#0"}
			}
		},
		{
			"name": "demons_blood_108",
			"from": [4.75, 3.125, 7.75],
			"to": [4.875, 4, 7.875],
			"faces": {
				"north": {"uv": [1.625, 13.125, 1.75, 12.25], "rotation": 180, "texture": "#0"},
				"east": {"uv": [1.625, 12.25, 1.75, 13.125], "texture": "#0"},
				"south": {"uv": [1.625, 12.25, 1.75, 13.125], "texture": "#0"},
				"west": {"uv": [1.625, 12.25, 1.75, 13.125], "texture": "#0"},
				"up": {"uv": [1.75, 12.25, 1.625, 12.375], "rotation": 180, "texture": "#0"},
				"down": {"uv": [1.625, 13, 1.75, 13.125], "texture": "#0"}
			}
		},
		{
			"name": "demons_blood_109",
			"from": [6.375, 1.375, 7.625],
			"to": [6.5, 4, 8],
			"faces": {
				"north": {"uv": [6.375, 14.875, 6.5, 12.25], "rotation": 180, "texture": "#0"},
				"east": {"uv": [6.375, 12.25, 6.5, 14.875], "texture": "#0"},
				"south": {"uv": [6.375, 12.25, 6.5, 14.875], "texture": "#0"},
				"west": {"uv": [6.375, 12.25, 6.5, 14.875], "texture": "#0"},
				"up": {"uv": [6.5, 12.25, 6.375, 12.375], "rotation": 180, "texture": "#0"},
				"down": {"uv": [6.375, 14.75, 6.5, 14.875], "texture": "#0"}
			}
		},
		{
			"name": "demons_blood_110",
			"from": [5.5, 3.75, 7.5625],
			"to": [5.75, 4, 8.0625],
			"faces": {
				"north": {"uv": [7, 12.5, 7.25, 12.25], "rotation": 180, "texture": "#0"},
				"east": {"uv": [7.125, 12.25, 7.25, 12.5], "texture": "#0"},
				"south": {"uv": [7, 12.25, 7.25, 12.5], "texture": "#0"},
				"west": {"uv": [7, 12.25, 7.125, 12.5], "texture": "#0"},
				"up": {"uv": [7.25, 12.25, 7, 12.375], "rotation": 180, "texture": "#0"},
				"down": {"uv": [7, 12.375, 7.25, 12.5], "texture": "#0"}
			}
		},
		{
			"name": "demons_blood_111",
			"from": [5.75, 3.875, 7.5625],
			"to": [6, 4, 8.0625],
			"faces": {
				"north": {"uv": [7.25, 12.375, 7.5, 12.25], "rotation": 180, "texture": "#0"},
				"east": {"uv": [7.375, 12.25, 7.5, 12.375], "texture": "#0"},
				"south": {"uv": [7.25, 12.25, 7.5, 12.375], "texture": "#0"},
				"west": {"uv": [7.25, 12.25, 7.375, 12.375], "texture": "#0"},
				"up": {"uv": [7.5, 12.25, 7.25, 12.375], "rotation": 180, "texture": "#0"},
				"down": {"uv": [7.25, 12.25, 7.5, 12.375], "texture": "#0"}
			}
		},
		{
			"name": "demons_blood_112",
			"from": [6.25, 3.875, 7.5625],
			"to": [6.375, 4, 8.0625],
			"faces": {
				"north": {"uv": [7.75, 12.375, 7.875, 12.25], "rotation": 180, "texture": "#0"},
				"east": {"uv": [7.75, 12.25, 7.875, 12.375], "texture": "#0"},
				"south": {"uv": [7.75, 12.25, 7.875, 12.375], "texture": "#0"},
				"west": {"uv": [7.75, 12.25, 7.875, 12.375], "texture": "#0"},
				"up": {"uv": [7.875, 12.25, 7.75, 12.375], "rotation": 180, "texture": "#0"},
				"down": {"uv": [7.75, 12.25, 7.875, 12.375], "texture": "#0"}
			}
		},
		{
			"name": "demons_blood_113",
			"from": [4.875, 3.25, 7.6875],
			"to": [5, 3.875, 7.9375],
			"faces": {
				"north": {"uv": [2.25, 13, 2.375, 12.375], "rotation": 180, "texture": "#0"},
				"east": {"uv": [2.25, 12.375, 2.375, 13], "texture": "#0"},
				"south": {"uv": [2.25, 12.375, 2.375, 13], "texture": "#0"},
				"west": {"uv": [2.25, 12.375, 2.375, 13], "texture": "#0"},
				"up": {"uv": [2.375, 12.375, 2.25, 12.5], "rotation": 180, "texture": "#0"},
				"down": {"uv": [2.25, 12.875, 2.375, 13], "texture": "#0"}
			}
		},
		{
			"name": "demons_blood_114",
			"from": [6.25, 1.875, 7.625],
			"to": [6.375, 3.875, 8],
			"faces": {
				"north": {"uv": [6.25, 14.375, 6.375, 12.375], "rotation": 180, "texture": "#0"},
				"east": {"uv": [6.25, 12.375, 6.375, 14.375], "texture": "#0"},
				"south": {"uv": [6.25, 12.375, 6.375, 14.375], "texture": "#0"},
				"west": {"uv": [6.25, 12.375, 6.375, 14.375], "texture": "#0"},
				"up": {"uv": [6.375, 12.375, 6.25, 12.5], "rotation": 180, "texture": "#0"},
				"down": {"uv": [6.25, 14.25, 6.375, 14.375], "texture": "#0"}
			}
		},
		{
			"name": "demons_blood_115",
			"from": [5, 3.375, 7.625],
			"to": [5.125, 3.75, 8],
			"faces": {
				"north": {"uv": [3, 12.875, 3.125, 12.5], "rotation": 180, "texture": "#0"},
				"east": {"uv": [3, 12.5, 3.125, 12.875], "texture": "#0"},
				"south": {"uv": [3, 12.5, 3.125, 12.875], "texture": "#0"},
				"west": {"uv": [3, 12.5, 3.125, 12.875], "texture": "#0"},
				"up": {"uv": [3.125, 12.5, 3, 12.625], "rotation": 180, "texture": "#0"},
				"down": {"uv": [3, 12.75, 3.125, 12.875], "texture": "#0"}
			}
		},
		{
			"name": "demons_blood_116",
			"from": [6.125, 2.625, 7.625],
			"to": [6.25, 3.75, 8],
			"faces": {
				"north": {"uv": [6.125, 13.625, 6.25, 12.5], "rotation": 180, "texture": "#0"},
				"east": {"uv": [6.125, 12.5, 6.25, 13.625], "texture": "#0"},
				"south": {"uv": [6.125, 12.5, 6.25, 13.625], "texture": "#0"},
				"west": {"uv": [6.125, 12.5, 6.25, 13.625], "texture": "#0"},
				"up": {"uv": [6.25, 12.5, 6.125, 12.625], "rotation": 180, "texture": "#0"},
				"down": {"uv": [6.125, 13.5, 6.25, 13.625], "texture": "#0"}
			}
		},
		{
			"name": "demons_blood_117",
			"from": [6, 3.25, 7.625],
			"to": [6.125, 3.625, 8],
			"faces": {
				"north": {"uv": [6, 13, 6.125, 12.625], "rotation": 180, "texture": "#0"},
				"east": {"uv": [6, 12.625, 6.125, 13], "texture": "#0"},
				"south": {"uv": [6, 12.625, 6.125, 13], "texture": "#0"},
				"west": {"uv": [6, 12.625, 6.125, 13], "texture": "#0"},
				"up": {"uv": [6.125, 12.625, 6, 12.75], "rotation": 180, "texture": "#0"},
				"down": {"uv": [6, 12.875, 6.125, 13], "texture": "#0"}
			}
		},
		{
			"name": "demons_blood_118",
			"from": [6.5, 1.5, 7.625],
			"to": [6.625, 3.25, 8],
			"faces": {
				"north": {"uv": [6.5, 14.75, 6.625, 13], "rotation": 180, "texture": "#0"},
				"east": {"uv": [6.5, 13, 6.625, 14.75], "texture": "#0"},
				"south": {"uv": [6.5, 13, 6.625, 14.75], "texture": "#0"},
				"west": {"uv": [6.5, 13, 6.625, 14.75], "texture": "#0"},
				"up": {"uv": [6.625, 13, 6.5, 13.125], "rotation": 180, "texture": "#0"},
				"down": {"uv": [6.5, 14.625, 6.625, 14.75], "texture": "#0"}
			}
		},
		{
			"name": "demons_blood_119",
			"from": [6.625, 1.625, 7.625],
			"to": [6.75, 2.625, 8],
			"faces": {
				"north": {"uv": [6.625, 14.625, 6.75, 13.625], "rotation": 180, "texture": "#0"},
				"east": {"uv": [6.625, 13.625, 6.75, 14.625], "texture": "#0"},
				"south": {"uv": [6.625, 13.625, 6.75, 14.625], "texture": "#0"},
				"west": {"uv": [6.625, 13.625, 6.75, 14.625], "texture": "#0"},
				"up": {"uv": [6.75, 13.625, 6.625, 13.75], "rotation": 180, "texture": "#0"},
				"down": {"uv": [6.625, 14.5, 6.75, 14.625], "texture": "#0"}
			}
		},
		{
			"name": "demons_blood_120",
			"from": [8.125, 1.625, 7.625],
			"to": [8.25, 2, 8],
			"faces": {
				"north": {"uv": [10.125, 14.625, 10.25, 14.25], "rotation": 180, "texture": "#0"},
				"east": {"uv": [10.125, 14.25, 10.25, 14.625], "texture": "#0"},
				"south": {"uv": [10.125, 14.25, 10.25, 14.625], "texture": "#0"},
				"west": {"uv": [10.125, 14.25, 10.25, 14.625], "texture": "#0"},
				"up": {"uv": [10.25, 14.25, 10.125, 14.375], "rotation": 180, "texture": "#0"},
				"down": {"uv": [10.125, 14.5, 10.25, 14.625], "texture": "#0"}
			}
		},
		{
			"name": "demons_blood_121",
			"from": [6.75, 1, 7.5],
			"to": [6.875, 1.875, 8.125],
			"faces": {
				"north": {"uv": [8.25, 15.25, 8.375, 14.375], "rotation": 180, "texture": "#0"},
				"east": {"uv": [8.25, 14.375, 8.375, 15.25], "texture": "#0"},
				"south": {"uv": [8.25, 14.375, 8.375, 15.25], "texture": "#0"},
				"west": {"uv": [8.25, 14.375, 8.375, 15.25], "texture": "#0"},
				"up": {"uv": [8.375, 14.375, 8.25, 14.5], "rotation": 180, "texture": "#0"},
				"down": {"uv": [8.25, 15.125, 8.375, 15.25], "texture": "#0"}
			}
		},
		{
			"name": "demons_blood_122",
			"from": [8, 1.5, 7.625],
			"to": [8.125, 1.875, 8],
			"faces": {
				"north": {"uv": [10, 14.75, 10.125, 14.375], "rotation": 180, "texture": "#0"},
				"east": {"uv": [10, 14.375, 10.125, 14.75], "texture": "#0"},
				"south": {"uv": [10, 14.375, 10.125, 14.75], "texture": "#0"},
				"west": {"uv": [10, 14.375, 10.125, 14.75], "texture": "#0"},
				"up": {"uv": [10.125, 14.375, 10, 14.5], "rotation": 180, "texture": "#0"},
				"down": {"uv": [10, 14.625, 10.125, 14.75], "texture": "#0"}
			}
		},
		{
			"name": "demons_blood_123",
			"from": [6.875, 1, 7.5],
			"to": [7, 1.75, 8.125],
			"faces": {
				"north": {"uv": [8.375, 15.25, 8.5, 14.5], "rotation": 180, "texture": "#0"},
				"east": {"uv": [8.375, 14.5, 8.5, 15.25], "texture": "#0"},
				"south": {"uv": [8.375, 14.5, 8.5, 15.25], "texture": "#0"},
				"west": {"uv": [8.375, 14.5, 8.5, 15.25], "texture": "#0"},
				"up": {"uv": [8.5, 14.5, 8.375, 14.625], "rotation": 180, "texture": "#0"},
				"down": {"uv": [8.375, 15.125, 8.5, 15.25], "texture": "#0"}
			}
		},
		{
			"name": "demons_blood_124",
			"from": [7.75, 1.5, 7.625],
			"to": [8, 1.75, 8],
			"faces": {
				"north": {"uv": [9.75, 14.75, 10, 14.5], "rotation": 180, "texture": "#0"},
				"east": {"uv": [9.875, 14.5, 10, 14.75], "texture": "#0"},
				"south": {"uv": [9.75, 14.5, 10, 14.75], "texture": "#0"},
				"west": {"uv": [9.75, 14.5, 9.875, 14.75], "texture": "#0"},
				"up": {"uv": [10, 14.5, 9.75, 14.625], "rotation": 180, "texture": "#0"},
				"down": {"uv": [9.75, 14.625, 10, 14.75], "texture": "#0"}
			}
		},
		{
			"name": "demons_blood_125",
			"from": [6.625, 1, 7.5],
			"to": [6.75, 1.625, 8.125],
			"faces": {
				"north": {"uv": [8.125, 15.25, 8.25, 14.625], "rotation": 180, "texture": "#0"},
				"east": {"uv": [8.125, 14.625, 8.25, 15.25], "texture": "#0"},
				"south": {"uv": [8.125, 14.625, 8.25, 15.25], "texture": "#0"},
				"west": {"uv": [8.125, 14.625, 8.25, 15.25], "texture": "#0"},
				"up": {"uv": [8.25, 14.625, 8.125, 14.75], "rotation": 180, "texture": "#0"},
				"down": {"uv": [8.125, 15.125, 8.25, 15.25], "texture": "#0"}
			}
		},
		{
			"name": "demons_blood_126",
			"from": [7, 1.375, 7.5],
			"to": [7.375, 1.625, 8.125],
			"faces": {
				"north": {"uv": [8.5, 14.875, 8.875, 14.625], "rotation": 180, "texture": "#0"},
				"east": {"uv": [8.75, 14.625, 8.875, 14.875], "texture": "#0"},
				"south": {"uv": [8.5, 14.625, 8.875, 14.875], "texture": "#0"},
				"west": {"uv": [8.5, 14.625, 8.625, 14.875], "texture": "#0"},
				"up": {"uv": [8.875, 14.625, 8.5, 14.75], "rotation": 180, "texture": "#0"},
				"down": {"uv": [8.5, 14.75, 8.875, 14.875], "texture": "#0"}
			}
		},
		{
			"name": "demons_blood_127",
			"from": [7.375, 1.5, 7.5],
			"to": [7.5, 1.625, 8.125],
			"faces": {
				"north": {"uv": [8.875, 14.75, 9, 14.625], "rotation": 180, "texture": "#0"},
				"east": {"uv": [8.875, 14.625, 9, 14.75], "texture": "#0"},
				"south": {"uv": [8.875, 14.625, 9, 14.75], "texture": "#0"},
				"west": {"uv": [8.875, 14.625, 9, 14.75], "texture": "#0"},
				"up": {"uv": [9, 14.625, 8.875, 14.75], "rotation": 180, "texture": "#0"},
				"down": {"uv": [8.875, 14.625, 9, 14.75], "texture": "#0"}
			}
		},
		{
			"name": "demons_blood_128",
			"from": [7.5, 1.125, 7.5625],
			"to": [7.75, 1.625, 8.0625],
			"faces": {
				"north": {"uv": [9.25, 15.125, 9.5, 14.625], "rotation": 180, "texture": "#0"},
				"east": {"uv": [9.375, 14.625, 9.5, 15.125], "texture": "#0"},
				"south": {"uv": [9.25, 14.625, 9.5, 15.125], "texture": "#0"},
				"west": {"uv": [9.25, 14.625, 9.375, 15.125], "texture": "#0"},
				"up": {"uv": [9.5, 14.625, 9.25, 14.75], "rotation": 180, "texture": "#0"},
				"down": {"uv": [9.25, 15, 9.5, 15.125], "texture": "#0"}
			}
		},
		{
			"name": "demons_blood_129",
			"from": [6.5, 1, 7.5],
			"to": [6.625, 1.5, 8.125],
			"faces": {
				"north": {"uv": [8, 15.25, 8.125, 14.75], "rotation": 180, "texture": "#0"},
				"east": {"uv": [8, 14.75, 8.125, 15.25], "texture": "#0"},
				"south": {"uv": [8, 14.75, 8.125, 15.25], "texture": "#0"},
				"west": {"uv": [8, 14.75, 8.125, 15.25], "texture": "#0"},
				"up": {"uv": [8.125, 14.75, 8, 14.875], "rotation": 180, "texture": "#0"},
				"down": {"uv": [8, 15.125, 8.125, 15.25], "texture": "#0"}
			}
		},
		{
			"name": "demons_blood_130",
			"from": [7.375, 1.125, 7.5625],
			"to": [7.5, 1.5, 8.0625],
			"faces": {
				"north": {"uv": [9.125, 15.125, 9.25, 14.75], "rotation": 180, "texture": "#0"},
				"east": {"uv": [9.125, 14.75, 9.25, 15.125], "texture": "#0"},
				"south": {"uv": [9.125, 14.75, 9.25, 15.125], "texture": "#0"},
				"west": {"uv": [9.125, 14.75, 9.25, 15.125], "texture": "#0"},
				"up": {"uv": [9.25, 14.75, 9.125, 14.875], "rotation": 180, "texture": "#0"},
				"down": {"uv": [9.125, 15, 9.25, 15.125], "texture": "#0"}
			}
		},
		{
			"name": "demons_blood_131",
			"from": [7.75, 1.125, 7.5625],
			"to": [7.875, 1.5, 8.0625],
			"faces": {
				"north": {"uv": [9.5, 15.125, 9.625, 14.75], "rotation": 180, "texture": "#0"},
				"east": {"uv": [9.5, 14.75, 9.625, 15.125], "texture": "#0"},
				"south": {"uv": [9.5, 14.75, 9.625, 15.125], "texture": "#0"},
				"west": {"uv": [9.5, 14.75, 9.625, 15.125], "texture": "#0"},
				"up": {"uv": [9.625, 14.75, 9.5, 14.875], "rotation": 180, "texture": "#0"},
				"down": {"uv": [9.5, 15, 9.625, 15.125], "texture": "#0"}
			}
		},
		{
			"name": "demons_blood_132",
			"from": [7.875, 1.375, 7.625],
			"to": [8, 1.5, 8],
			"faces": {
				"north": {"uv": [9.875, 14.875, 10, 14.75], "rotation": 180, "texture": "#0"},
				"east": {"uv": [9.875, 14.75, 10, 14.875], "texture": "#0"},
				"south": {"uv": [9.875, 14.75, 10, 14.875], "texture": "#0"},
				"west": {"uv": [9.875, 14.75, 10, 14.875], "texture": "#0"},
				"up": {"uv": [10, 14.75, 9.875, 14.875], "rotation": 180, "texture": "#0"},
				"down": {"uv": [9.875, 14.75, 10, 14.875], "texture": "#0"}
			}
		},
		{
			"name": "demons_blood_133",
			"from": [6.375, 1, 7.5],
			"to": [6.5, 1.375, 8.125],
			"faces": {
				"north": {"uv": [7.875, 15.25, 8, 14.875], "rotation": 180, "texture": "#0"},
				"east": {"uv": [7.875, 14.875, 8, 15.25], "texture": "#0"},
				"south": {"uv": [7.875, 14.875, 8, 15.25], "texture": "#0"},
				"west": {"uv": [7.875, 14.875, 8, 15.25], "texture": "#0"},
				"up": {"uv": [8, 14.875, 7.875, 15], "rotation": 180, "texture": "#0"},
				"down": {"uv": [7.875, 15.125, 8, 15.25], "texture": "#0"}
			}
		},
		{
			"name": "demons_blood_134",
			"from": [7, 1.125, 7.5],
			"to": [7.25, 1.375, 8.125],
			"faces": {
				"north": {"uv": [8.5, 15.125, 8.75, 14.875], "rotation": 180, "texture": "#0"},
				"east": {"uv": [8.625, 14.875, 8.75, 15.125], "texture": "#0"},
				"south": {"uv": [8.5, 14.875, 8.75, 15.125], "texture": "#0"},
				"west": {"uv": [8.5, 14.875, 8.625, 15.125], "texture": "#0"},
				"up": {"uv": [8.75, 14.875, 8.5, 15], "rotation": 180, "texture": "#0"},
				"down": {"uv": [8.5, 15, 8.75, 15.125], "texture": "#0"}
			}
		},
		{
			"name": "demons_blood_135",
			"from": [7.25, 1.125, 7.5625],
			"to": [7.375, 1.375, 8.0625],
			"faces": {
				"north": {"uv": [9, 15.125, 9.125, 14.875], "rotation": 180, "texture": "#0"},
				"east": {"uv": [9, 14.875, 9.125, 15.125], "texture": "#0"},
				"south": {"uv": [9, 14.875, 9.125, 15.125], "texture": "#0"},
				"west": {"uv": [9, 14.875, 9.125, 15.125], "texture": "#0"},
				"up": {"uv": [9.125, 14.875, 9, 15], "rotation": 180, "texture": "#0"},
				"down": {"uv": [9, 15, 9.125, 15.125], "texture": "#0"}
			}
		},
		{
			"name": "demons_blood_136",
			"from": [7.875, 1.25, 7.5625],
			"to": [8, 1.375, 8.0625],
			"faces": {
				"north": {"uv": [9.625, 15, 9.75, 14.875], "rotation": 180, "texture": "#0"},
				"east": {"uv": [9.625, 14.875, 9.75, 15], "texture": "#0"},
				"south": {"uv": [9.625, 14.875, 9.75, 15], "texture": "#0"},
				"west": {"uv": [9.625, 14.875, 9.75, 15], "texture": "#0"},
				"up": {"uv": [9.75, 14.875, 9.625, 15], "rotation": 180, "texture": "#0"},
				"down": {"uv": [9.625, 14.875, 9.75, 15], "texture": "#0"}
			}
		},
		{
			"name": "demons_blood_137",
			"from": [7.25, 1, 7.625],
			"to": [7.625, 1.125, 8],
			"faces": {
				"north": {"uv": [7.25, 15.25, 7.625, 15.125], "rotation": 180, "texture": "#0"},
				"east": {"uv": [7.5, 15.125, 7.625, 15.25], "texture": "#0"},
				"south": {"uv": [7.25, 15.125, 7.625, 15.25], "texture": "#0"},
				"west": {"uv": [7.25, 15.125, 7.375, 15.25], "texture": "#0"},
				"up": {"uv": [7.625, 15.125, 7.25, 15.25], "rotation": 180, "texture": "#0"},
				"down": {"uv": [7.25, 15.125, 7.625, 15.25], "texture": "#0"}
			}
		},
		{
			"name": "demons_blood_138",
			"from": [7, 1, 7.5],
			"to": [7.125, 1.125, 8.125],
			"faces": {
				"north": {"uv": [8.5, 15.25, 8.625, 15.125], "rotation": 180, "texture": "#0"},
				"east": {"uv": [8.5, 15.125, 8.625, 15.25], "texture": "#0"},
				"south": {"uv": [8.5, 15.125, 8.625, 15.25], "texture": "#0"},
				"west": {"uv": [8.5, 15.125, 8.625, 15.25], "texture": "#0"},
				"up": {"uv": [8.625, 15.125, 8.5, 15.25], "rotation": 180, "texture": "#0"},
				"down": {"uv": [8.5, 15.125, 8.625, 15.25], "texture": "#0"}
			}
		},
		{
			"name": "demons_blood_139",
			"from": [6.625, 0.875, 7.6875],
			"to": [7, 1, 7.9375],
			"faces": {
				"north": {"uv": [6.625, 15.375, 7, 15.25], "rotation": 180, "texture": "#0"},
				"east": {"uv": [6.875, 15.25, 7, 15.375], "texture": "#0"},
				"south": {"uv": [6.625, 15.25, 7, 15.375], "texture": "#0"},
				"west": {"uv": [6.625, 15.25, 6.75, 15.375], "texture": "#0"},
				"up": {"uv": [7, 15.25, 6.625, 15.375], "rotation": 180, "texture": "#0"},
				"down": {"uv": [6.625, 15.25, 7, 15.375], "texture": "#0"}
			}
		},
		{
			"name": "demons_blood_140",
			"from": [7.375, 0.875, 7.6875],
			"to": [7.625, 1, 7.9375],
			"faces": {
				"north": {"uv": [7.375, 15.375, 7.625, 15.25], "rotation": 180, "texture": "#0"},
				"east": {"uv": [7.5, 15.25, 7.625, 15.375], "texture": "#0"},
				"south": {"uv": [7.375, 15.25, 7.625, 15.375], "texture": "#0"},
				"west": {"uv": [7.375, 15.25, 7.5, 15.375], "texture": "#0"},
				"up": {"uv": [7.625, 15.25, 7.375, 15.375], "rotation": 180, "texture": "#0"},
				"down": {"uv": [7.375, 15.25, 7.625, 15.375], "texture": "#0"}
			}
		},
		{
			"name": "demons_blood_141",
			"from": [6.75, 0.75, 7.6875],
			"to": [7, 0.875, 7.9375],
			"faces": {
				"north": {"uv": [6.75, 15.5, 7, 15.375], "rotation": 180, "texture": "#0"},
				"east": {"uv": [6.875, 15.375, 7, 15.5], "texture": "#0"},
				"south": {"uv": [6.75, 15.375, 7, 15.5], "texture": "#0"},
				"west": {"uv": [6.75, 15.375, 6.875, 15.5], "texture": "#0"},
				"up": {"uv": [7, 15.375, 6.75, 15.5], "rotation": 180, "texture": "#0"},
				"down": {"uv": [6.75, 15.375, 7, 15.5], "texture": "#0"}
			}
		},
		{
			"name": "demons_blood_142",
			"from": [7.5, 0.75, 7.6875],
			"to": [7.625, 0.875, 7.9375],
			"faces": {
				"north": {"uv": [7.5, 15.5, 7.625, 15.375], "rotation": 180, "texture": "#0"},
				"east": {"uv": [7.5, 15.375, 7.625, 15.5], "texture": "#0"},
				"south": {"uv": [7.5, 15.375, 7.625, 15.5], "texture": "#0"},
				"west": {"uv": [7.5, 15.375, 7.625, 15.5], "texture": "#0"},
				"up": {"uv": [7.625, 15.375, 7.5, 15.5], "rotation": 180, "texture": "#0"},
				"down": {"uv": [7.5, 15.375, 7.625, 15.5], "texture": "#0"}
			}
		},
		{
			"name": "demons_blood_143",
			"from": [6.875, 0.625, 7.6875],
			"to": [7, 0.75, 7.9375],
			"faces": {
				"north": {"uv": [6.875, 15.625, 7, 15.5], "rotation": 180, "texture": "#0"},
				"east": {"uv": [6.875, 15.5, 7, 15.625], "texture": "#0"},
				"south": {"uv": [6.875, 15.5, 7, 15.625], "texture": "#0"},
				"west": {"uv": [6.875, 15.5, 7, 15.625], "texture": "#0"},
				"up": {"uv": [7, 15.5, 6.875, 15.625], "rotation": 180, "texture": "#0"},
				"down": {"uv": [6.875, 15.5, 7, 15.625], "texture": "#0"}
			}
		}
	],
	"gui_light": "front",
	"display": {
		"thirdperson_righthand": {
			"rotation": [0, -90, 0],
			"translation": [-0.5, 10.25, 5.25],
			"scale": [2.4, 2.4, 2.4]
		},
		"thirdperson_lefthand": {
			"rotation": [0, 90, 0],
			"translation": [0.5, 10.25, 5.25],
			"scale": [2.4, 2.4, 2.4]
		},
		"firstperson_righthand": {
			"rotation": [10, -90, 0],
			"translation": [1.25, 7.25, 3.25],
			"scale": [1.4, 1.4, 1.4]
		},
		"firstperson_lefthand": {
			"rotation": [10, 90, 0],
			"translation": [1.75, 7.25, 3.25],
			"scale": [1.4, 1.4, 1.4]
		},
		"ground": {
			"rotation": [0, 0, 45],
			"translation": [0, 1.5, 0]
		},
		"gui": {
			"rotation": [0, 0, -45],
			"translation": [1.25, -1.25, 0],
			"scale": [1.4, 1.4, 1]
		},
		"head": {
			"rotation": [0, 0, 45],
			"translation": [0, 19, 0],
			"scale": [2, 2, 2]
		},
		"fixed": {
			"rotation": [0, 0, 90],
			"translation": [0.75, 6.75, -1],
			"scale": [4, 4, 4]
		}
	},
	"groups": [
		{
			"name": "demons_blood",
			"origin": [8, 8, 8],
			"color": 0,
			"children": [
				0,
				1,
				2,
				3,
				4,
				5,
				6,
				7,
				8,
				9,
				10,
				11,
				12,
				13,
				14,
				15,
				16,
				17,
				18,
				19,
				20,
				21,
				22,
				23,
				24,
				25,
				26,
				27,
				28,
				29,
				30,
				31,
				32,
				33,
				34,
				35,
				36,
				37,
				38,
				39,
				40,
				41,
				42,
				43,
				44,
				45,
				46,
				47,
				48,
				49,
				50,
				51,
				52,
				53,
				54,
				55,
				56,
				57,
				58,
				59,
				60,
				61,
				62,
				63,
				64,
				65,
				66,
				67,
				68,
				69,
				70,
				71,
				72,
				73,
				74,
				75,
				76,
				77,
				78,
				79,
				80,
				81,
				82,
				83,
				84,
				85,
				86,
				87,
				88,
				89,
				90,
				91,
				92,
				93,
				94,
				95,
				96,
				97,
				98,
				99,
				100,
				101,
				102,
				103,
				104,
				105,
				106,
				107,
				108,
				109,
				110,
				111,
				112,
				113,
				114,
				115,
				116,
				117,
				118,
				119,
				120,
				121,
				122,
				123,
				124,
				125,
				126,
				127,
				128,
				129,
				130,
				131,
				132,
				133,
				134,
				135,
				136,
				137,
				138,
				139,
				140,
				141,
				142,
				143
			]
		}
	]
}