{
	"credit": "Made with Blockbench",
	"textures": {
		"0": "item/iron_broadsword",
		"particle": "item/iron_broadsword"
	},
	"elements": [
		{
			"name": "iron_broadsword_0",
			"from": [8, 10.375, 6.75],
			"to": [8.25, 11.875, 6.875],
			"faces": {
				"north": {"uv": [7.5, 4.5, 7.75, 3], "rotation": 180, "texture": "#0"},
				"east": {"uv": [7.625, 3, 7.75, 4.5], "texture": "#0"},
				"south": {"uv": [7.5, 3, 7.75, 4.5], "texture": "#0"},
				"west": {"uv": [7.5, 3, 7.625, 4.5], "texture": "#0"},
				"up": {"uv": [7.75, 3, 7.5, 3.125], "rotation": 180, "texture": "#0"},
				"down": {"uv": [7.5, 4.375, 7.75, 4.5], "texture": "#0"}
			}
		},
		{
			"name": "iron_broadsword_1",
			"from": [7.875, 9.375, 6.75],
			"to": [8, 10.875, 6.875],
			"faces": {
				"north": {"uv": [7.125, 5.625, 7.25, 4.125], "rotation": 180, "texture": "#0"},
				"east": {"uv": [7.125, 4.125, 7.25, 5.625], "texture": "#0"},
				"south": {"uv": [7.125, 4.125, 7.25, 5.625], "texture": "#0"},
				"west": {"uv": [7.125, 4.125, 7.25, 5.625], "texture": "#0"},
				"up": {"uv": [7.25, 4.125, 7.125, 4.25], "rotation": 180, "texture": "#0"},
				"down": {"uv": [7.125, 5.5, 7.25, 5.625], "texture": "#0"}
			}
		},
		{
			"name": "iron_broadsword_2",
			"from": [8.25, 9.375, 6.75],
			"to": [8.375, 10.875, 6.875],
			"faces": {
				"north": {"uv": [8, 5.625, 8.125, 4.125], "rotation": 180, "texture": "#0"},
				"east": {"uv": [8, 4.125, 8.125, 5.625], "texture": "#0"},
				"south": {"uv": [8, 4.125, 8.125, 5.625], "texture": "#0"},
				"west": {"uv": [8, 4.125, 8.125, 5.625], "texture": "#0"},
				"up": {"uv": [8.125, 4.125, 8, 4.25], "rotation": 180, "texture": "#0"},
				"down": {"uv": [8, 5.5, 8.125, 5.625], "texture": "#0"}
			}
		},
		{
			"name": "iron_broadsword_3",
			"from": [8, 4.125, 6.71875],
			"to": [8.25, 10.375, 6.90625],
			"faces": {
				"north": {"uv": [7.5, 10.875, 7.75, 4.625], "rotation": 180, "texture": "#0"},
				"east": {"uv": [7.625, 4.625, 7.75, 10.875], "texture": "#0"},
				"south": {"uv": [7.5, 4.625, 7.75, 10.875], "texture": "#0"},
				"west": {"uv": [7.5, 4.625, 7.625, 10.875], "texture": "#0"},
				"up": {"uv": [7.75, 4.625, 7.5, 4.75], "rotation": 180, "texture": "#0"},
				"down": {"uv": [7.5, 10.75, 7.75, 10.875], "texture": "#0"}
			}
		},
		{
			"name": "iron_broadsword_4",
			"from": [7.75, 4.125, 6.75],
			"to": [7.875, 9.375, 6.875],
			"faces": {
				"north": {"uv": [7, 10.875, 7.125, 5.625], "rotation": 180, "texture": "#0"},
				"east": {"uv": [7, 5.625, 7.125, 10.875], "texture": "#0"},
				"south": {"uv": [7, 5.625, 7.125, 10.875], "texture": "#0"},
				"west": {"uv": [7, 5.625, 7.125, 10.875], "texture": "#0"},
				"up": {"uv": [7.125, 5.625, 7, 5.75], "rotation": 180, "texture": "#0"},
				"down": {"uv": [7, 10.75, 7.125, 10.875], "texture": "#0"}
			}
		},
		{
			"name": "iron_broadsword_5",
			"from": [7.875, 4.125, 6.71875],
			"to": [8, 9.375, 6.90625],
			"faces": {
				"north": {"uv": [7.25, 10.875, 7.375, 5.625], "rotation": 180, "texture": "#0"},
				"east": {"uv": [7.25, 5.625, 7.375, 10.875], "texture": "#0"},
				"south": {"uv": [7.25, 5.625, 7.375, 10.875], "texture": "#0"},
				"west": {"uv": [7.25, 5.625, 7.375, 10.875], "texture": "#0"},
				"up": {"uv": [7.375, 5.625, 7.25, 5.75], "rotation": 180, "texture": "#0"},
				"down": {"uv": [7.25, 10.75, 7.375, 10.875], "texture": "#0"}
			}
		},
		{
			"name": "iron_broadsword_6",
			"from": [8.25, 4.125, 6.71875],
			"to": [8.375, 9.375, 6.90625],
			"faces": {
				"north": {"uv": [7.875, 10.875, 8, 5.625], "rotation": 180, "texture": "#0"},
				"east": {"uv": [7.875, 5.625, 8, 10.875], "texture": "#0"},
				"south": {"uv": [7.875, 5.625, 8, 10.875], "texture": "#0"},
				"west": {"uv": [7.875, 5.625, 8, 10.875], "texture": "#0"},
				"up": {"uv": [8, 5.625, 7.875, 5.75], "rotation": 180, "texture": "#0"},
				"down": {"uv": [7.875, 10.75, 8, 10.875], "texture": "#0"}
			}
		},
		{
			"name": "iron_broadsword_7",
			"from": [8.375, 4.125, 6.75],
			"to": [8.5, 9.375, 6.875],
			"faces": {
				"north": {"uv": [8.125, 10.875, 8.25, 5.625], "rotation": 180, "texture": "#0"},
				"east": {"uv": [8.125, 5.625, 8.25, 10.875], "texture": "#0"},
				"south": {"uv": [8.125, 5.625, 8.25, 10.875], "texture": "#0"},
				"west": {"uv": [8.125, 5.625, 8.25, 10.875], "texture": "#0"},
				"up": {"uv": [8.25, 5.625, 8.125, 5.75], "rotation": 180, "texture": "#0"},
				"down": {"uv": [8.125, 10.75, 8.25, 10.875], "texture": "#0"}
			}
		},
		{
			"name": "iron_broadsword_8",
			"from": [7.625, 4.125, 6.75],
			"to": [7.75, 7.375, 6.875],
			"faces": {
				"north": {"uv": [6.875, 10.875, 7, 7.625], "rotation": 180, "texture": "#0"},
				"east": {"uv": [6.875, 7.625, 7, 10.875], "texture": "#0"},
				"south": {"uv": [6.875, 7.625, 7, 10.875], "texture": "#0"},
				"west": {"uv": [6.875, 7.625, 7, 10.875], "texture": "#0"},
				"up": {"uv": [7, 7.625, 6.875, 7.75], "rotation": 180, "texture": "#0"},
				"down": {"uv": [6.875, 10.75, 7, 10.875], "texture": "#0"}
			}
		},
		{
			"name": "iron_broadsword_9",
			"from": [8.5, 4.125, 6.75],
			"to": [8.625, 7.375, 6.875],
			"faces": {
				"north": {"uv": [8.25, 10.875, 8.375, 7.625], "rotation": 180, "texture": "#0"},
				"east": {"uv": [8.25, 7.625, 8.375, 10.875], "texture": "#0"},
				"south": {"uv": [8.25, 7.625, 8.375, 10.875], "texture": "#0"},
				"west": {"uv": [8.25, 7.625, 8.375, 10.875], "texture": "#0"},
				"up": {"uv": [8.375, 7.625, 8.25, 7.75], "rotation": 180, "texture": "#0"},
				"down": {"uv": [8.25, 10.75, 8.375, 10.875], "texture": "#0"}
			}
		},
		{
			"name": "iron_broadsword_10",
			"from": [6.875, 4.125, 6.6875],
			"to": [7.125, 4.375, 6.9375],
			"faces": {
				"north": {"uv": [6.375, 11.25, 6.625, 11], "rotation": 180, "texture": "#0"},
				"east": {"uv": [6.5, 11, 6.625, 11.25], "texture": "#0"},
				"south": {"uv": [6.375, 11, 6.625, 11.25], "texture": "#0"},
				"west": {"uv": [6.375, 11, 6.5, 11.25], "texture": "#0"},
				"up": {"uv": [6.625, 11, 6.375, 11.125], "rotation": 180, "texture": "#0"},
				"down": {"uv": [6.375, 11.125, 6.625, 11.25], "texture": "#0"}
			}
		},
		{
			"name": "iron_broadsword_11",
			"from": [9.125, 4.125, 6.6875],
			"to": [9.375, 4.375, 6.9375],
			"faces": {
				"north": {"uv": [8.625, 11.25, 8.875, 11], "rotation": 180, "texture": "#0"},
				"east": {"uv": [8.75, 11, 8.875, 11.25], "texture": "#0"},
				"south": {"uv": [8.625, 11, 8.875, 11.25], "texture": "#0"},
				"west": {"uv": [8.625, 11, 8.75, 11.25], "texture": "#0"},
				"up": {"uv": [8.875, 11, 8.625, 11.125], "rotation": 180, "texture": "#0"},
				"down": {"uv": [8.625, 11.125, 8.875, 11.25], "texture": "#0"}
			}
		},
		{
			"name": "iron_broadsword_12",
			"from": [7.125, 3.875, 6.6875],
			"to": [7.25, 4.25, 6.9375],
			"faces": {
				"north": {"uv": [6.625, 11.5, 6.75, 11.125], "rotation": 180, "texture": "#0"},
				"east": {"uv": [6.625, 11.125, 6.75, 11.5], "texture": "#0"},
				"south": {"uv": [6.625, 11.125, 6.75, 11.5], "texture": "#0"},
				"west": {"uv": [6.625, 11.125, 6.75, 11.5], "texture": "#0"},
				"up": {"uv": [6.75, 11.125, 6.625, 11.25], "rotation": 180, "texture": "#0"},
				"down": {"uv": [6.625, 11.375, 6.75, 11.5], "texture": "#0"}
			}
		},
		{
			"name": "iron_broadsword_13",
			"from": [9, 3.875, 6.6875],
			"to": [9.125, 4.25, 6.9375],
			"faces": {
				"north": {"uv": [8.5, 11.5, 8.625, 11.125], "rotation": 180, "texture": "#0"},
				"east": {"uv": [8.5, 11.125, 8.625, 11.5], "texture": "#0"},
				"south": {"uv": [8.5, 11.125, 8.625, 11.5], "texture": "#0"},
				"west": {"uv": [8.5, 11.125, 8.625, 11.5], "texture": "#0"},
				"up": {"uv": [8.625, 11.125, 8.5, 11.25], "rotation": 180, "texture": "#0"},
				"down": {"uv": [8.5, 11.375, 8.625, 11.5], "texture": "#0"}
			}
		},
		{
			"name": "iron_broadsword_14",
			"from": [7, 4, 6.6875],
			"to": [7.125, 4.125, 6.9375],
			"faces": {
				"north": {"uv": [6.5, 11.375, 6.625, 11.25], "rotation": 180, "texture": "#0"},
				"east": {"uv": [6.5, 11.25, 6.625, 11.375], "texture": "#0"},
				"south": {"uv": [6.5, 11.25, 6.625, 11.375], "texture": "#0"},
				"west": {"uv": [6.5, 11.25, 6.625, 11.375], "texture": "#0"},
				"up": {"uv": [6.625, 11.25, 6.5, 11.375], "rotation": 180, "texture": "#0"},
				"down": {"uv": [6.5, 11.25, 6.625, 11.375], "texture": "#0"}
			}
		},
		{
			"name": "iron_broadsword_15",
			"from": [7.25, 3.875, 6.6875],
			"to": [7.875, 4.125, 6.9375],
			"faces": {
				"north": {"uv": [6.75, 11.5, 7.375, 11.25], "rotation": 180, "texture": "#0"},
				"east": {"uv": [7.25, 11.25, 7.375, 11.5], "texture": "#0"},
				"south": {"uv": [6.75, 11.25, 7.375, 11.5], "texture": "#0"},
				"west": {"uv": [6.75, 11.25, 6.875, 11.5], "texture": "#0"},
				"up": {"uv": [7.375, 11.25, 6.75, 11.375], "rotation": 180, "texture": "#0"},
				"down": {"uv": [6.75, 11.375, 7.375, 11.5], "texture": "#0"}
			}
		},
		{
			"name": "iron_broadsword_16",
			"from": [8.375, 3.875, 6.6875],
			"to": [9, 4.125, 6.9375],
			"faces": {
				"north": {"uv": [7.875, 11.5, 8.5, 11.25], "rotation": 180, "texture": "#0"},
				"east": {"uv": [8.375, 11.25, 8.5, 11.5], "texture": "#0"},
				"south": {"uv": [7.875, 11.25, 8.5, 11.5], "texture": "#0"},
				"west": {"uv": [7.875, 11.25, 8, 11.5], "texture": "#0"},
				"up": {"uv": [8.5, 11.25, 7.875, 11.375], "rotation": 180, "texture": "#0"},
				"down": {"uv": [7.875, 11.375, 8.5, 11.5], "texture": "#0"}
			}
		},
		{
			"name": "iron_broadsword_17",
			"from": [9.125, 4, 6.6875],
			"to": [9.25, 4.125, 6.9375],
			"faces": {
				"north": {"uv": [8.625, 11.375, 8.75, 11.25], "rotation": 180, "texture": "#0"},
				"east": {"uv": [8.625, 11.25, 8.75, 11.375], "texture": "#0"},
				"south": {"uv": [8.625, 11.25, 8.75, 11.375], "texture": "#0"},
				"west": {"uv": [8.625, 11.25, 8.75, 11.375], "texture": "#0"},
				"up": {"uv": [8.75, 11.25, 8.625, 11.375], "rotation": 180, "texture": "#0"},
				"down": {"uv": [8.625, 11.25, 8.75, 11.375], "texture": "#0"}
			}
		},
		{
			"name": "iron_broadsword_18",
			"from": [7.875, 1.5, 6.625],
			"to": [8.375, 4.125, 7],
			"faces": {
				"north": {"uv": [7.375, 14.625, 7.875, 12], "rotation": 180, "texture": "#0"},
				"east": {"uv": [7.75, 12, 7.875, 14.625], "texture": "#0"},
				"south": {"uv": [7.375, 12, 7.875, 14.625], "texture": "#0"},
				"west": {"uv": [7.375, 12, 7.5, 14.625], "texture": "#0"},
				"up": {"uv": [7.875, 12, 7.375, 12.125], "rotation": 180, "texture": "#0"},
				"down": {"uv": [7.375, 14.5, 7.875, 14.625], "texture": "#0"}
			}
		},
		{
			"name": "iron_broadsword_19",
			"from": [7.75, 1.25, 6.5],
			"to": [8.5, 1.5, 7.125],
			"faces": {
				"north": {"uv": [7.25, 15, 8, 14.75], "rotation": 180, "texture": "#0"},
				"east": {"uv": [7.875, 14.75, 8, 15], "texture": "#0"},
				"south": {"uv": [7.25, 14.75, 8, 15], "texture": "#0"},
				"west": {"uv": [7.25, 14.75, 7.375, 15], "texture": "#0"},
				"up": {"uv": [8, 14.75, 7.25, 14.875], "rotation": 180, "texture": "#0"},
				"down": {"uv": [7.25, 14.875, 8, 15], "texture": "#0"}
			}
		},
		{
			"name": "iron_broadsword_20",
			"from": [7.875, 1.125, 6.625],
			"to": [8.375, 1.25, 7],
			"faces": {
				"north": {"uv": [7.375, 15.25, 7.875, 15.125], "rotation": 180, "texture": "#0"},
				"east": {"uv": [7.75, 15.125, 7.875, 15.25], "texture": "#0"},
				"south": {"uv": [7.375, 15.125, 7.875, 15.25], "texture": "#0"},
				"west": {"uv": [7.375, 15.125, 7.5, 15.25], "texture": "#0"},
				"up": {"uv": [7.875, 15.125, 7.375, 15.25], "rotation": 180, "texture": "#0"},
				"down": {"uv": [7.375, 15.125, 7.875, 15.25], "texture": "#0"}
			}
		},
		{
			"name": "iron_broadsword_21",
			"from": [7.75, 0.875, 6.5],
			"to": [8.5, 1.125, 7.125],
			"faces": {
				"north": {"uv": [7.25, 15.625, 8, 15.375], "rotation": 180, "texture": "#0"},
				"east": {"uv": [7.875, 15.375, 8, 15.625], "texture": "#0"},
				"south": {"uv": [7.25, 15.375, 8, 15.625], "texture": "#0"},
				"west": {"uv": [7.25, 15.375, 7.375, 15.625], "texture": "#0"},
				"up": {"uv": [8, 15.375, 7.25, 15.5], "rotation": 180, "texture": "#0"},
				"down": {"uv": [7.25, 15.5, 8, 15.625], "texture": "#0"}
			}
		},
		{
			"name": "iron_broadsword_22",
			"from": [7.875, 0.75, 6.625],
			"to": [8.375, 0.875, 7],
			"faces": {
				"north": {"uv": [7.375, 15.75, 7.875, 15.625], "rotation": 180, "texture": "#0"},
				"east": {"uv": [7.75, 15.625, 7.875, 15.75], "texture": "#0"},
				"south": {"uv": [7.375, 15.625, 7.875, 15.75], "texture": "#0"},
				"west": {"uv": [7.375, 15.625, 7.5, 15.75], "texture": "#0"},
				"up": {"uv": [7.875, 15.625, 7.375, 15.75], "rotation": 180, "texture": "#0"},
				"down": {"uv": [7.375, 15.625, 7.875, 15.75], "texture": "#0"}
			}
		},
		{
			"name": "iron_broadsword_23",
			"from": [8, 0.625, 6.625],
			"to": [8.25, 0.75, 7],
			"faces": {
				"north": {"uv": [7.5, 15.875, 7.75, 15.75], "rotation": 180, "texture": "#0"},
				"east": {"uv": [7.625, 15.75, 7.75, 15.875], "texture": "#0"},
				"south": {"uv": [7.5, 15.75, 7.75, 15.875], "texture": "#0"},
				"west": {"uv": [7.5, 15.75, 7.625, 15.875], "texture": "#0"},
				"up": {"uv": [7.75, 15.75, 7.5, 15.875], "rotation": 180, "texture": "#0"},
				"down": {"uv": [7.5, 15.75, 7.75, 15.875], "texture": "#0"}
			}
		}
	],
	"gui_light": "front",
	"display": {
		"thirdperson_righthand": {
			"rotation": [0, -90, 0],
			"translation": [-2.75, 10.5, 1],
			"scale": [2.4, 2.4, 2.4]
		},
		"thirdperson_lefthand": {
			"rotation": [0, 90, 0],
			"translation": [2.75, 10.5, 1],
			"scale": [2.4, 2.4, 2.4]
		},
		"firstperson_righthand": {
			"rotation": [10, -90, 0],
			"translation": [-2.75, 9, 4],
			"scale": [1.4, 1.4, 1.4]
		},
		"firstperson_lefthand": {
			"rotation": [10, 90, 0],
			"translation": [0.5, 9, 4],
			"scale": [1.4, 1.4, 1.4]
		},
		"ground": {
			"rotation": [0, 0, 45],
			"translation": [-0.5, 1.5, 1]
		},
		"gui": {
			"rotation": [0, 0, -45],
			"translation": [2, 2.25, 0],
			"scale": [1.6, 1.6, 1]
		},
		"head": {
			"rotation": [0, 0, 45],
			"translation": [0, 19, 0],
			"scale": [2, 2, 2]
		},
		"fixed": {
			"rotation": [0, 0, 90],
			"translation": [-7, -0.25, 4],
			"scale": [4, 4, 4]
		}
	},
	"groups": [
		{
			"name": "iron_broadsword",
			"origin": [8, 8, 8],
			"color": 0,
			"children": [0, 1, 2, 3, 4, 5, 6, 7, 8, 9, 10, 11, 12, 13, 14, 15, 16, 17, 18, 19, 20, 21, 22, 23]
		}
	]
}